﻿<LinkSources version="1.02">
  <page ID="DE7059E3-6D69-4892-990B-4EE4BC9705D2">
    <linkSource sourcePageID="A1C944E3-E884-459E-BFBF-F1FF4C9C63F1" comID="ED3D9281-83F9-40AC-997B-E6846F47D489" comLinkType="cltPageLink"/>
    <linkSource sourcePageID="1A1718FD-AB9C-4470-839F-9A7C6778F166" comID="94080AAE-DF51-43DD-963F-DB04E3F4C2FE" comLinkType="cltPageLink"/>
    <linkSource sourcePageID="EF1C3BF4-9892-4D78-A9BF-9ACC0EE7501B" comID="C542AA94-BED0-45BA-966F-76CA7F129C75" comLinkType="cltPageLink"/>
    <linkSource sourcePageID="61CCA56E-892B-439F-8476-01629D18DD8A" comID="58C43863-5F58-42B0-8291-63720E9C9950" comLinkType="cltPageLink"/>
    <linkSource sourcePageID="ECB97A6A-B61C-4C88-9A05-512D2804A00C" comID="7726BCD6-6F40-471A-98D3-D4A4FE55B8BF" comLinkType="cltPageLink"/>
    <linkSource sourcePageID="037C0DB2-6969-4B05-99F5-B931CE2DA6E8" comID="6EB39F6B-3F8C-4553-9112-FABF27DC0024" comLinkType="cltPageLink"/>
  </page>
  <page ID="67261209-D3CC-40CA-9C85-5E38FCAE98E2">
    <linkSource sourcePageID="1F3D58DC-0CE8-44FE-9614-52018A21156E" comID="6DB20198-1AE8-4440-A626-9B791E705039" comLinkType="cltPageLink"/>
    <linkSource sourcePageID="A1C944E3-E884-459E-BFBF-F1FF4C9C63F1" comID="56513822-2297-4883-B3E8-A94C43A0CE0A" comLinkType="cltPageLink"/>
    <linkSource sourcePageID="1A1718FD-AB9C-4470-839F-9A7C6778F166" comID="488948E2-127D-4251-982D-D158BE1AE229" comLinkType="cltPageLink"/>
    <linkSource sourcePageID="EF1C3BF4-9892-4D78-A9BF-9ACC0EE7501B" comID="D76E7680-771A-4BA2-9E3F-7D833F8E7A8A" comLinkType="cltPageLink"/>
    <linkSource sourcePageID="61CCA56E-892B-439F-8476-01629D18DD8A" comID="3A9A7F8D-522D-4A21-9230-2386D5E70917" comLinkType="cltPageLink"/>
    <linkSource sourcePageID="ECB97A6A-B61C-4C88-9A05-512D2804A00C" comID="3DA51550-239F-4314-8543-E2387AE6FC7D" comLinkType="cltPageLink"/>
    <linkSource sourcePageID="037C0DB2-6969-4B05-99F5-B931CE2DA6E8" comID="605DC334-3F03-4B4A-B3DF-1F1A342CAF9F" comLinkType="cltPageLink"/>
    <linkSource sourcePageID="DE7059E3-6D69-4892-990B-4EE4BC9705D2" comID="8B571377-71C4-4D1E-813F-FB26AA354A2F" comLinkType="cltPageLink"/>
    <linkSource sourcePageID="67261209-D3CC-40CA-9C85-5E38FCAE98E2" comID="558C78E3-753E-475B-83A9-31857E903419" comLinkType="cltPageLink"/>
    <linkSource sourcePageID="EDE0E2B2-27B4-41CE-A002-F1851339F69C" comID="A89A0CC2-4946-42D3-BE72-67A498D2D766" comLinkType="cltPageLink"/>
    <linkSource sourcePageID="0EAA23D3-AEFA-49E0-9C16-A48CE215E979" comID="3613584E-D455-4A3E-B45A-B9E7517D6D0E" comLinkType="cltPageLink"/>
  </page>
  <page ID="EDE0E2B2-27B4-41CE-A002-F1851339F69C">
    <linkSource sourcePageID="1F3D58DC-0CE8-44FE-9614-52018A21156E" comID="691868A8-555D-4F35-B98A-587E7F40CF0A" comLinkType="cltPageLink"/>
    <linkSource sourcePageID="A1C944E3-E884-459E-BFBF-F1FF4C9C63F1" comID="8F266B68-56DD-48EC-885C-C5B0B0D4EC81" comLinkType="cltPageLink"/>
    <linkSource sourcePageID="1A1718FD-AB9C-4470-839F-9A7C6778F166" comID="279F3FF3-03E5-4E43-8B2E-161BC3EE6EDA" comLinkType="cltPageLink"/>
    <linkSource sourcePageID="EF1C3BF4-9892-4D78-A9BF-9ACC0EE7501B" comID="203B758B-87F5-496B-A669-3BB1402A3B06" comLinkType="cltPageLink"/>
    <linkSource sourcePageID="61CCA56E-892B-439F-8476-01629D18DD8A" comID="39C6902B-648F-4F82-A056-8D7299C50239" comLinkType="cltPageLink"/>
    <linkSource sourcePageID="ECB97A6A-B61C-4C88-9A05-512D2804A00C" comID="9FB545AA-D67A-4042-A79C-BBE4421949CC" comLinkType="cltPageLink"/>
    <linkSource sourcePageID="037C0DB2-6969-4B05-99F5-B931CE2DA6E8" comID="32AFB37D-0645-49DC-AFEC-54BEC4420738" comLinkType="cltPageLink"/>
    <linkSource sourcePageID="DE7059E3-6D69-4892-990B-4EE4BC9705D2" comID="D048AD43-8577-40F5-96BB-53EC1353EE3C" comLinkType="cltPageLink"/>
    <linkSource sourcePageID="67261209-D3CC-40CA-9C85-5E38FCAE98E2" comID="AB15898A-285F-4309-BC57-5895A8F33D5A" comLinkType="cltPageLink"/>
    <linkSource sourcePageID="EDE0E2B2-27B4-41CE-A002-F1851339F69C" comID="2E81283D-ECF5-45C7-A89E-BB3AD136B1DD" comLinkType="cltPageLink"/>
    <linkSource sourcePageID="0EAA23D3-AEFA-49E0-9C16-A48CE215E979" comID="90A1C0EB-C6E3-41B2-A575-E0CEDA1A135B" comLinkType="cltPageLink"/>
  </page>
  <page ID="F9F61EF6-8EDE-4B08-A471-F09997320174">
    <linkSource sourcePageID="12E71447-7923-45BB-8B9E-8750F88695AE" comID="6EA32E93-F134-4AEA-ABFA-0856630F6A63" comLinkType="cltPageLink"/>
    <linkSource sourcePageID="12E71447-7923-45BB-8B9E-8750F88695AE" comID="E7141B25-B807-4EEA-89C5-254462D7E447" comLinkType="cltPageLink"/>
    <linkSource sourcePageID="116F178E-224E-4FC8-856F-0360D4F11061" comID="E7141B25-B807-4EEA-89C5-254462D7E447" comLinkType="cltPageLink"/>
    <linkSource sourcePageID="DE7059E3-6D69-4892-990B-4EE4BC9705D2" comID="696D36D6-F103-4CF2-999A-85CB8D42C116" comLinkType="cltPageLink"/>
    <linkSource sourcePageID="A1C944E3-E884-459E-BFBF-F1FF4C9C63F1" comID="CDE9DED4-0C3E-4A5F-B5E4-6AB71527550C" comLinkType="cltPageLink"/>
    <linkSource sourcePageID="1A1718FD-AB9C-4470-839F-9A7C6778F166" comID="C3BCA7BC-911F-4151-BE5B-29D32C19EF19" comLinkType="cltPageLink"/>
    <linkSource sourcePageID="EF1C3BF4-9892-4D78-A9BF-9ACC0EE7501B" comID="3BC6CD3E-06ED-4C00-95AE-7095D32D7387" comLinkType="cltPageLink"/>
    <linkSource sourcePageID="1F3D58DC-0CE8-44FE-9614-52018A21156E" comID="05B568F4-FEBE-4132-A5E7-8BFEFD72534F" comLinkType="cltPageLink"/>
    <linkSource sourcePageID="67261209-D3CC-40CA-9C85-5E38FCAE98E2" comID="2F064814-F1DB-4170-8DB4-41847329019D" comLinkType="cltPageLink"/>
    <linkSource sourcePageID="EDE0E2B2-27B4-41CE-A002-F1851339F69C" comID="4C775D2B-BD91-41D2-A3DF-A36E2282AC4F" comLinkType="cltPageLink"/>
    <linkSource sourcePageID="0EAA23D3-AEFA-49E0-9C16-A48CE215E979" comID="8F1F147A-D876-4B64-9C98-8124F9EF2936" comLinkType="cltPageLink"/>
  </page>
  <page ID="12E71447-7923-45BB-8B9E-8750F88695AE">
    <linkSource sourcePageID="F9F61EF6-8EDE-4B08-A471-F09997320174" comID="0366AC98-ED6D-4B12-9396-C0834DCD2DC6" comLinkType="cltPageLink"/>
    <linkSource sourcePageID="9DCC9335-8024-4385-B46E-1195C6B44A4A" comID="00EADABD-2FA5-4513-BF72-9956F6CB672E" comLinkType="cltPageLink"/>
    <linkSource sourcePageID="3F9238B6-9656-4BB7-8BD5-419EE3370727" comID="EEFE1A29-8D3D-4040-9E51-4C6D0C9F96E8" comLinkType="cltPageLink"/>
    <linkSource sourcePageID="11880DA6-F11E-4B12-A7C4-CC5810EE0894" comID="54EE2C09-6E17-465A-8636-3ABE443437CA" comLinkType="cltPageLink"/>
    <linkSource sourcePageID="DE7059E3-6D69-4892-990B-4EE4BC9705D2" comID="8A1A9F66-4048-477B-847A-048098BCDDE4" comLinkType="cltPageLink"/>
    <linkSource sourcePageID="1F3D58DC-0CE8-44FE-9614-52018A21156E" comID="AC09BBBD-2501-4A7D-B3B2-D50D018E45CD" comLinkType="cltPageLink"/>
    <linkSource sourcePageID="67261209-D3CC-40CA-9C85-5E38FCAE98E2" comID="40666DC2-DBA3-41F3-85BC-7B5AEE3A0D58" comLinkType="cltPageLink"/>
    <linkSource sourcePageID="EDE0E2B2-27B4-41CE-A002-F1851339F69C" comID="D0E82C1A-D2AB-4B9E-99B2-56DE91F7FE1E" comLinkType="cltPageLink"/>
    <linkSource sourcePageID="0EAA23D3-AEFA-49E0-9C16-A48CE215E979" comID="14385831-5307-4D8C-BE01-14497194F11F" comLinkType="cltPageLink"/>
  </page>
  <page ID="11880DA6-F11E-4B12-A7C4-CC5810EE0894">
    <linkSource sourcePageID="11880DA6-F11E-4B12-A7C4-CC5810EE0894" comID="81085660-7290-450B-A0F2-A9151CAA0469" comLinkType="cltPageLink"/>
    <linkSource sourcePageID="3F9238B6-9656-4BB7-8BD5-419EE3370727" comID="81085660-7290-450B-A0F2-A9151CAA0469" comLinkType="cltPageLink"/>
    <linkSource sourcePageID="9DCC9335-8024-4385-B46E-1195C6B44A4A" comID="81085660-7290-450B-A0F2-A9151CAA0469" comLinkType="cltPageLink"/>
    <linkSource sourcePageID="12E71447-7923-45BB-8B9E-8750F88695AE" comID="B67F06DF-9DC3-4EE7-8E95-03985688C18B" comLinkType="cltPageLink"/>
    <linkSource sourcePageID="F9F61EF6-8EDE-4B08-A471-F09997320174" comID="B3D7F61B-EB65-4599-8965-D4211D291872" comLinkType="cltPageLink"/>
    <linkSource sourcePageID="12E71447-7923-45BB-8B9E-8750F88695AE" comID="114EF5F7-0C0E-47ED-8731-84EBD571F65F" comLinkType="cltPageLink"/>
    <linkSource sourcePageID="116F178E-224E-4FC8-856F-0360D4F11061" comID="114EF5F7-0C0E-47ED-8731-84EBD571F65F" comLinkType="cltPageLink"/>
    <linkSource sourcePageID="0EAA23D3-AEFA-49E0-9C16-A48CE215E979" comID="65839A05-C4BA-42A0-95D2-52B37C294852" comLinkType="cltPageLink"/>
    <linkSource sourcePageID="DE7059E3-6D69-4892-990B-4EE4BC9705D2" comID="4B5D8731-5803-4F2D-A788-855A8C677024" comLinkType="cltPageLink"/>
    <linkSource sourcePageID="DE7059E3-6D69-4892-990B-4EE4BC9705D2" comID="0EAB4FB0-7D6F-43E8-B2C7-33AEF9D6A87A" comLinkType="cltPageLink"/>
    <linkSource sourcePageID="1F3D58DC-0CE8-44FE-9614-52018A21156E" comID="0016EFC9-B040-411F-A68E-279CB0100619" comLinkType="cltPageLink"/>
    <linkSource sourcePageID="67261209-D3CC-40CA-9C85-5E38FCAE98E2" comID="38C8382F-380F-490B-93CF-07E62C03200E" comLinkType="cltPageLink"/>
    <linkSource sourcePageID="EDE0E2B2-27B4-41CE-A002-F1851339F69C" comID="8BD2A4C1-985C-40A9-9BDA-0E9B2511023A" comLinkType="cltPageLink"/>
    <linkSource sourcePageID="0EAA23D3-AEFA-49E0-9C16-A48CE215E979" comID="2C5B455D-6A69-4CA0-B536-180689FD20A3" comLinkType="cltPageLink"/>
  </page>
  <page ID="3F9238B6-9656-4BB7-8BD5-419EE3370727">
    <linkSource sourcePageID="11880DA6-F11E-4B12-A7C4-CC5810EE0894" comID="FF7C5A22-8A3C-42AC-A9CD-A20BDFB21A91" comLinkType="cltPageLink"/>
    <linkSource sourcePageID="9DCC9335-8024-4385-B46E-1195C6B44A4A" comID="FF7C5A22-8A3C-42AC-A9CD-A20BDFB21A91" comLinkType="cltPageLink"/>
    <linkSource sourcePageID="DE7059E3-6D69-4892-990B-4EE4BC9705D2" comID="6687303A-D1B0-4624-8189-9003452CF2D4" comLinkType="cltPageLink"/>
    <linkSource sourcePageID="1F3D58DC-0CE8-44FE-9614-52018A21156E" comID="E42B87F8-5827-45F5-9ECC-E10011B6AE58" comLinkType="cltPageLink"/>
    <linkSource sourcePageID="67261209-D3CC-40CA-9C85-5E38FCAE98E2" comID="39E77CE9-0073-48E9-9BD7-4C0D3A580026" comLinkType="cltPageLink"/>
    <linkSource sourcePageID="EDE0E2B2-27B4-41CE-A002-F1851339F69C" comID="06625AF2-A336-43E5-98EE-ABF413636102" comLinkType="cltPageLink"/>
    <linkSource sourcePageID="0EAA23D3-AEFA-49E0-9C16-A48CE215E979" comID="36BFCCEE-FBE6-4B54-842A-D2056DDAB5B4" comLinkType="cltPageLink"/>
  </page>
  <page ID="9DCC9335-8024-4385-B46E-1195C6B44A4A">
    <linkSource sourcePageID="11880DA6-F11E-4B12-A7C4-CC5810EE0894" comID="B1D97FE8-15F7-480C-8668-883C7806C864" comLinkType="cltPageLink"/>
    <linkSource sourcePageID="3F9238B6-9656-4BB7-8BD5-419EE3370727" comID="B1D97FE8-15F7-480C-8668-883C7806C864" comLinkType="cltPageLink"/>
    <linkSource sourcePageID="DE7059E3-6D69-4892-990B-4EE4BC9705D2" comID="B98FE509-CEAD-4114-AFBF-138E420D635D" comLinkType="cltPageLink"/>
    <linkSource sourcePageID="1F3D58DC-0CE8-44FE-9614-52018A21156E" comID="EA9A704A-E47B-472C-BC30-B354093495DB" comLinkType="cltPageLink"/>
    <linkSource sourcePageID="67261209-D3CC-40CA-9C85-5E38FCAE98E2" comID="D83D9886-25F0-4327-80DA-C69DD813C6A2" comLinkType="cltPageLink"/>
    <linkSource sourcePageID="EDE0E2B2-27B4-41CE-A002-F1851339F69C" comID="1698B74A-262B-4BE2-A006-C9D0A011A891" comLinkType="cltPageLink"/>
    <linkSource sourcePageID="0EAA23D3-AEFA-49E0-9C16-A48CE215E979" comID="3F5E1138-49ED-4373-B20A-183023CCADFD" comLinkType="cltPageLink"/>
  </page>
  <page ID="A1C944E3-E884-459E-BFBF-F1FF4C9C63F1">
    <linkSource sourcePageID="A1C944E3-E884-459E-BFBF-F1FF4C9C63F1" comID="E26FEC10-7511-4FF9-B00A-21C58F3C9521" comLinkType="cltPageLink"/>
    <linkSource sourcePageID="1F3D58DC-0CE8-44FE-9614-52018A21156E" comID="B855D048-DD0A-497D-B306-D4588A9C0E4C" comLinkType="cltPageLink"/>
    <linkSource sourcePageID="A1C944E3-E884-459E-BFBF-F1FF4C9C63F1" comID="81284799-33EB-4E96-B39B-5634DBBA7356" comLinkType="cltPageLink"/>
    <linkSource sourcePageID="A1C944E3-E884-459E-BFBF-F1FF4C9C63F1" comID="0279549E-46CD-40E0-B1E4-3BCC591A9F3B" comLinkType="cltPageLink"/>
    <linkSource sourcePageID="A1C944E3-E884-459E-BFBF-F1FF4C9C63F1" comID="DDAFAAB4-98D1-4CF1-9D0D-BA984599F56D" comLinkType="cltPageLink"/>
    <linkSource sourcePageID="A1C944E3-E884-459E-BFBF-F1FF4C9C63F1" comID="ED3D9281-83F9-40AC-997B-E6846F47D489" comLinkType="cltPageLink"/>
    <linkSource sourcePageID="1A1718FD-AB9C-4470-839F-9A7C6778F166" comID="279AE4BD-4786-49A2-8FE6-4745C87BB72E" comLinkType="cltPageLink"/>
    <linkSource sourcePageID="EF1C3BF4-9892-4D78-A9BF-9ACC0EE7501B" comID="9383B076-C21D-4EF0-AB15-45C41F562038" comLinkType="cltPageLink"/>
    <linkSource sourcePageID="61CCA56E-892B-439F-8476-01629D18DD8A" comID="71CFFEB5-125F-4AEB-A673-DCD987CEAACF" comLinkType="cltPageLink"/>
    <linkSource sourcePageID="ECB97A6A-B61C-4C88-9A05-512D2804A00C" comID="80F03047-D174-412A-8F5A-C4804ABA0AD7" comLinkType="cltPageLink"/>
    <linkSource sourcePageID="037C0DB2-6969-4B05-99F5-B931CE2DA6E8" comID="EE75EC37-730E-4D8D-9A5C-A36B61CF69C3" comLinkType="cltPageLink"/>
    <linkSource sourcePageID="1A1718FD-AB9C-4470-839F-9A7C6778F166" comID="7168C2F1-2067-4619-8974-C11B7D99497D" comLinkType="cltPageLink"/>
    <linkSource sourcePageID="1A1718FD-AB9C-4470-839F-9A7C6778F166" comID="3C4B6C7D-4127-418A-8D7D-2546F3CCA5DF" comLinkType="cltPageLink"/>
    <linkSource sourcePageID="EF1C3BF4-9892-4D78-A9BF-9ACC0EE7501B" comID="2C860CDE-E1B5-40D7-87ED-2AD7B3EC9A4D" comLinkType="cltPageLink"/>
    <linkSource sourcePageID="61CCA56E-892B-439F-8476-01629D18DD8A" comID="E8E9EA82-96BC-4E85-94B4-B7860CDC7E80" comLinkType="cltPageLink"/>
    <linkSource sourcePageID="ECB97A6A-B61C-4C88-9A05-512D2804A00C" comID="7800CA5C-7BC0-46AD-A8D5-2F2831E0BD39" comLinkType="cltPageLink"/>
    <linkSource sourcePageID="037C0DB2-6969-4B05-99F5-B931CE2DA6E8" comID="254872F9-5306-450B-817F-19F30A5F361E" comLinkType="cltPageLink"/>
    <linkSource sourcePageID="DE7059E3-6D69-4892-990B-4EE4BC9705D2" comID="F00BF504-F263-474C-8AFE-982A535BDBAF" comLinkType="cltPageLink"/>
    <linkSource sourcePageID="67261209-D3CC-40CA-9C85-5E38FCAE98E2" comID="3C9B0E16-4FAC-4862-B57D-C4A5C2DE4DD1" comLinkType="cltPageLink"/>
    <linkSource sourcePageID="EDE0E2B2-27B4-41CE-A002-F1851339F69C" comID="141BE417-9007-47E0-8004-A4989FF897BA" comLinkType="cltPageLink"/>
    <linkSource sourcePageID="0EAA23D3-AEFA-49E0-9C16-A48CE215E979" comID="EBD173A1-AD03-4859-9913-166FBC5D1528" comLinkType="cltPageLink"/>
  </page>
  <page ID="1A1718FD-AB9C-4470-839F-9A7C6778F166">
    <linkSource sourcePageID="A1C944E3-E884-459E-BFBF-F1FF4C9C63F1" comID="CB088CF8-08EC-4734-8006-F8494D9ED2A2" comLinkType="cltPageLink"/>
    <linkSource sourcePageID="1F3D58DC-0CE8-44FE-9614-52018A21156E" comID="DF87C436-51BC-43DA-90E4-D7F8B917F763" comLinkType="cltPageLink"/>
    <linkSource sourcePageID="A1C944E3-E884-459E-BFBF-F1FF4C9C63F1" comID="525C8BAD-69E7-4F97-AC92-93EB239C7475" comLinkType="cltPageLink"/>
    <linkSource sourcePageID="A1C944E3-E884-459E-BFBF-F1FF4C9C63F1" comID="EC8EBE24-53EA-4D1F-8459-01429D2AFA0E" comLinkType="cltPageLink"/>
    <linkSource sourcePageID="A1C944E3-E884-459E-BFBF-F1FF4C9C63F1" comID="E189321C-9937-4AAB-AD9B-4408D42BFDB9" comLinkType="cltPageLink"/>
    <linkSource sourcePageID="1A1718FD-AB9C-4470-839F-9A7C6778F166" comID="676BA6D8-15B3-4E5B-A518-A5E29708DF76" comLinkType="cltPageLink"/>
    <linkSource sourcePageID="EF1C3BF4-9892-4D78-A9BF-9ACC0EE7501B" comID="05E501FD-FC66-420D-BD4D-DABA177510A2" comLinkType="cltPageLink"/>
    <linkSource sourcePageID="61CCA56E-892B-439F-8476-01629D18DD8A" comID="8B3AB84C-3FFA-4F78-9B7D-3FF73906B64E" comLinkType="cltPageLink"/>
    <linkSource sourcePageID="ECB97A6A-B61C-4C88-9A05-512D2804A00C" comID="C88F6FB5-5E65-4053-A163-31C0DB392A4A" comLinkType="cltPageLink"/>
    <linkSource sourcePageID="037C0DB2-6969-4B05-99F5-B931CE2DA6E8" comID="F82A0D77-A723-41A8-8FF7-6F21D83CB07B" comLinkType="cltPageLink"/>
    <linkSource sourcePageID="1A1718FD-AB9C-4470-839F-9A7C6778F166" comID="5ED1C943-A15D-4331-A5E0-DFB7391F8848" comLinkType="cltPageLink"/>
    <linkSource sourcePageID="1A1718FD-AB9C-4470-839F-9A7C6778F166" comID="9AD45B51-5978-493A-B799-4E913EB9EF62" comLinkType="cltPageLink"/>
    <linkSource sourcePageID="EF1C3BF4-9892-4D78-A9BF-9ACC0EE7501B" comID="A4B6AEEC-DC2D-4DE4-914E-FB4BD8EE8357" comLinkType="cltPageLink"/>
    <linkSource sourcePageID="61CCA56E-892B-439F-8476-01629D18DD8A" comID="C4943F8C-A664-42A3-B94C-6897CFEBAAA3" comLinkType="cltPageLink"/>
    <linkSource sourcePageID="ECB97A6A-B61C-4C88-9A05-512D2804A00C" comID="67FBFC16-3BF5-4D7B-BD56-68C8471A6D9B" comLinkType="cltPageLink"/>
    <linkSource sourcePageID="037C0DB2-6969-4B05-99F5-B931CE2DA6E8" comID="9F6F8C07-F8D6-43F0-9EA0-D28DE548CCE8" comLinkType="cltPageLink"/>
    <linkSource sourcePageID="DE7059E3-6D69-4892-990B-4EE4BC9705D2" comID="BA066183-D189-4ECF-B8DB-1F9CB140CA8F" comLinkType="cltPageLink"/>
    <linkSource sourcePageID="67261209-D3CC-40CA-9C85-5E38FCAE98E2" comID="B05D826A-4177-4BE4-81C6-C113A1CA8610" comLinkType="cltPageLink"/>
    <linkSource sourcePageID="EDE0E2B2-27B4-41CE-A002-F1851339F69C" comID="BE3D8A49-B473-4AD2-8ADC-AD74D81756B0" comLinkType="cltPageLink"/>
    <linkSource sourcePageID="0EAA23D3-AEFA-49E0-9C16-A48CE215E979" comID="A6C2B22A-2D8B-46B8-B6D2-597786322D07" comLinkType="cltPageLink"/>
  </page>
  <page ID="EF1C3BF4-9892-4D78-A9BF-9ACC0EE7501B">
    <linkSource sourcePageID="A1C944E3-E884-459E-BFBF-F1FF4C9C63F1" comID="05187D00-83CD-4DEA-8B33-017BF0E01EE1" comLinkType="cltPageLink"/>
    <linkSource sourcePageID="1F3D58DC-0CE8-44FE-9614-52018A21156E" comID="6595985F-0028-4C56-8309-A4B62D4739A7" comLinkType="cltPageLink"/>
    <linkSource sourcePageID="A1C944E3-E884-459E-BFBF-F1FF4C9C63F1" comID="794FDF24-5FAF-46B9-B460-FE9B1FCF08D4" comLinkType="cltPageLink"/>
    <linkSource sourcePageID="A1C944E3-E884-459E-BFBF-F1FF4C9C63F1" comID="FD7E8C71-F54B-42B1-9A35-E311DD290D29" comLinkType="cltPageLink"/>
    <linkSource sourcePageID="A1C944E3-E884-459E-BFBF-F1FF4C9C63F1" comID="BD5DD4C4-87F1-4BA4-A695-680B5D9DCF72" comLinkType="cltPageLink"/>
    <linkSource sourcePageID="1A1718FD-AB9C-4470-839F-9A7C6778F166" comID="58082DB7-7045-42A8-9020-894924B38645" comLinkType="cltPageLink"/>
    <linkSource sourcePageID="EF1C3BF4-9892-4D78-A9BF-9ACC0EE7501B" comID="CC090BC0-2236-401A-8B01-76D54947AF7C" comLinkType="cltPageLink"/>
    <linkSource sourcePageID="61CCA56E-892B-439F-8476-01629D18DD8A" comID="9CABBE38-AA81-4B6B-8BA2-0BFB9E44F739" comLinkType="cltPageLink"/>
    <linkSource sourcePageID="ECB97A6A-B61C-4C88-9A05-512D2804A00C" comID="FEED0A0F-5FA2-4EAF-8C85-F29BD096D314" comLinkType="cltPageLink"/>
    <linkSource sourcePageID="037C0DB2-6969-4B05-99F5-B931CE2DA6E8" comID="89590918-0A17-408A-8343-E2A93AA966EB" comLinkType="cltPageLink"/>
    <linkSource sourcePageID="1A1718FD-AB9C-4470-839F-9A7C6778F166" comID="56C16755-A701-4A1B-A7E9-8CA73469CE8C" comLinkType="cltPageLink"/>
    <linkSource sourcePageID="1A1718FD-AB9C-4470-839F-9A7C6778F166" comID="4F0483EA-DF9E-4541-96C0-B3EAAC3A4512" comLinkType="cltPageLink"/>
    <linkSource sourcePageID="EF1C3BF4-9892-4D78-A9BF-9ACC0EE7501B" comID="BDD4F082-8276-4E97-A196-8BACFFBDB93E" comLinkType="cltPageLink"/>
    <linkSource sourcePageID="61CCA56E-892B-439F-8476-01629D18DD8A" comID="F2C942E3-6249-4FDD-B483-5AC21B984FF9" comLinkType="cltPageLink"/>
    <linkSource sourcePageID="ECB97A6A-B61C-4C88-9A05-512D2804A00C" comID="F161C6B0-252C-444E-BED7-35690EF35971" comLinkType="cltPageLink"/>
    <linkSource sourcePageID="037C0DB2-6969-4B05-99F5-B931CE2DA6E8" comID="83C87F25-4BF7-4F09-9697-55606CEF7CEF" comLinkType="cltPageLink"/>
    <linkSource sourcePageID="DE7059E3-6D69-4892-990B-4EE4BC9705D2" comID="CA3989F7-A1BC-40BA-A633-76273D1ED360" comLinkType="cltPageLink"/>
    <linkSource sourcePageID="67261209-D3CC-40CA-9C85-5E38FCAE98E2" comID="1A4CB969-EE7C-4095-A70A-00E66B00968B" comLinkType="cltPageLink"/>
    <linkSource sourcePageID="EDE0E2B2-27B4-41CE-A002-F1851339F69C" comID="249A6BCB-F78A-4495-93D3-716D5C7FAA4D" comLinkType="cltPageLink"/>
    <linkSource sourcePageID="0EAA23D3-AEFA-49E0-9C16-A48CE215E979" comID="ADBC9EDE-F0B6-49E2-93E0-C360EEC664D5" comLinkType="cltPageLink"/>
  </page>
  <page ID="61CCA56E-892B-439F-8476-01629D18DD8A">
    <linkSource sourcePageID="A1C944E3-E884-459E-BFBF-F1FF4C9C63F1" comID="454F0C4C-F458-4473-8F47-FC370E212C7B" comLinkType="cltPageLink"/>
    <linkSource sourcePageID="1F3D58DC-0CE8-44FE-9614-52018A21156E" comID="22DFBA9B-2C8C-4354-8853-FD54061A708C" comLinkType="cltPageLink"/>
    <linkSource sourcePageID="A1C944E3-E884-459E-BFBF-F1FF4C9C63F1" comID="02B2B357-9DA1-4A32-9243-470826C11280" comLinkType="cltPageLink"/>
    <linkSource sourcePageID="A1C944E3-E884-459E-BFBF-F1FF4C9C63F1" comID="0438B3DA-82E2-4897-8C83-53C9E831E950" comLinkType="cltPageLink"/>
    <linkSource sourcePageID="A1C944E3-E884-459E-BFBF-F1FF4C9C63F1" comID="3740197C-9534-4479-8959-10194779793D" comLinkType="cltPageLink"/>
    <linkSource sourcePageID="DE7059E3-6D69-4892-990B-4EE4BC9705D2" comID="3FBD7D2C-3250-41B9-9568-C4F70D2E8780" comLinkType="cltPageLink"/>
    <linkSource sourcePageID="DE7059E3-6D69-4892-990B-4EE4BC9705D2" comID="9914BD09-A330-4DD9-8DDC-23F5351B3C56" comLinkType="cltPageLink"/>
    <linkSource sourcePageID="1A1718FD-AB9C-4470-839F-9A7C6778F166" comID="16994190-787F-4776-8A78-1877632ACFF3" comLinkType="cltPageLink"/>
    <linkSource sourcePageID="EF1C3BF4-9892-4D78-A9BF-9ACC0EE7501B" comID="C91B6CC5-8E81-4EBF-890A-5006EABEF0F8" comLinkType="cltPageLink"/>
    <linkSource sourcePageID="61CCA56E-892B-439F-8476-01629D18DD8A" comID="B1F47A46-A624-40EC-BF18-66AF61D7FA69" comLinkType="cltPageLink"/>
    <linkSource sourcePageID="ECB97A6A-B61C-4C88-9A05-512D2804A00C" comID="C3FB05D2-91CE-49BF-900E-AC50ECB2151C" comLinkType="cltPageLink"/>
    <linkSource sourcePageID="037C0DB2-6969-4B05-99F5-B931CE2DA6E8" comID="4800657B-8C86-436A-A4B4-44A8AE38097F" comLinkType="cltPageLink"/>
    <linkSource sourcePageID="1A1718FD-AB9C-4470-839F-9A7C6778F166" comID="F43C100E-55C4-445A-8A45-A83778249893" comLinkType="cltPageLink"/>
    <linkSource sourcePageID="1A1718FD-AB9C-4470-839F-9A7C6778F166" comID="0D7ECEB9-B237-4102-917F-517DC196AC4E" comLinkType="cltPageLink"/>
    <linkSource sourcePageID="EF1C3BF4-9892-4D78-A9BF-9ACC0EE7501B" comID="C3B5A874-09E9-4A2C-BCD1-FC5BF95667E9" comLinkType="cltPageLink"/>
    <linkSource sourcePageID="61CCA56E-892B-439F-8476-01629D18DD8A" comID="8A7DA2C9-84F3-4B06-AB74-45CC0D0308BC" comLinkType="cltPageLink"/>
    <linkSource sourcePageID="ECB97A6A-B61C-4C88-9A05-512D2804A00C" comID="B7C026F9-3639-4120-8CD6-80B30F860010" comLinkType="cltPageLink"/>
    <linkSource sourcePageID="037C0DB2-6969-4B05-99F5-B931CE2DA6E8" comID="63398458-8072-448B-AEA0-9FB8A44C0FD5" comLinkType="cltPageLink"/>
    <linkSource sourcePageID="DE7059E3-6D69-4892-990B-4EE4BC9705D2" comID="6E6A50C3-8C10-40AA-83F3-A24FEBC00CCA" comLinkType="cltPageLink"/>
    <linkSource sourcePageID="67261209-D3CC-40CA-9C85-5E38FCAE98E2" comID="9C791E65-9735-4B8E-9F45-3DDD55BA24A5" comLinkType="cltPageLink"/>
    <linkSource sourcePageID="EDE0E2B2-27B4-41CE-A002-F1851339F69C" comID="D7503AE1-4F07-4D8D-B96D-6F92EFB4BE2C" comLinkType="cltPageLink"/>
    <linkSource sourcePageID="0EAA23D3-AEFA-49E0-9C16-A48CE215E979" comID="20DBBB87-C91A-40D7-A57C-60928537B05F" comLinkType="cltPageLink"/>
  </page>
  <page ID="ECB97A6A-B61C-4C88-9A05-512D2804A00C">
    <linkSource sourcePageID="A1C944E3-E884-459E-BFBF-F1FF4C9C63F1" comID="AAD3B166-D87C-46B9-86B8-EDC2EA8C57B7" comLinkType="cltPageLink"/>
    <linkSource sourcePageID="1A1718FD-AB9C-4470-839F-9A7C6778F166" comID="30726190-A1AE-4094-B5BE-0F3C102AE04D" comLinkType="cltPageLink"/>
    <linkSource sourcePageID="EF1C3BF4-9892-4D78-A9BF-9ACC0EE7501B" comID="9B841799-042A-48D5-8EE9-1A04078361CD" comLinkType="cltPageLink"/>
    <linkSource sourcePageID="61CCA56E-892B-439F-8476-01629D18DD8A" comID="72F044DD-0174-4888-BC0E-AA79B32E727A" comLinkType="cltPageLink"/>
    <linkSource sourcePageID="ECB97A6A-B61C-4C88-9A05-512D2804A00C" comID="35964AE3-34A9-49A9-8681-B08F4DE5AA07" comLinkType="cltPageLink"/>
    <linkSource sourcePageID="037C0DB2-6969-4B05-99F5-B931CE2DA6E8" comID="F0DBFA14-FE26-4052-9C60-EAE350FEBB4D" comLinkType="cltPageLink"/>
    <linkSource sourcePageID="1A1718FD-AB9C-4470-839F-9A7C6778F166" comID="677A143A-0F63-4E3E-A3EC-4535D4CFE826" comLinkType="cltPageLink"/>
  </page>
  <page ID="037C0DB2-6969-4B05-99F5-B931CE2DA6E8">
    <linkSource sourcePageID="A1C944E3-E884-459E-BFBF-F1FF4C9C63F1" comID="918F273E-2EF5-48D0-9561-621166006F1D" comLinkType="cltPageLink"/>
    <linkSource sourcePageID="1A1718FD-AB9C-4470-839F-9A7C6778F166" comID="918CF5E8-183D-4172-BD22-42476D1E91E1" comLinkType="cltPageLink"/>
    <linkSource sourcePageID="EF1C3BF4-9892-4D78-A9BF-9ACC0EE7501B" comID="51E91431-C614-4CBC-B7F9-35AF2891D964" comLinkType="cltPageLink"/>
    <linkSource sourcePageID="61CCA56E-892B-439F-8476-01629D18DD8A" comID="AC535FEF-40E9-4FC2-8DC8-D9E194F8748F" comLinkType="cltPageLink"/>
    <linkSource sourcePageID="ECB97A6A-B61C-4C88-9A05-512D2804A00C" comID="9AEBFD69-E13C-4EA1-87E1-EFD426166AAA" comLinkType="cltPageLink"/>
    <linkSource sourcePageID="037C0DB2-6969-4B05-99F5-B931CE2DA6E8" comID="48F80D08-91E7-49B9-9641-15953BD56720" comLinkType="cltPageLink"/>
    <linkSource sourcePageID="1A1718FD-AB9C-4470-839F-9A7C6778F166" comID="46945848-C721-4406-A4B2-A62A9141295A" comLinkType="cltPageLink"/>
  </page>
</LinkSources>