﻿<mockup version="5.3" minAllowVersion="5.3" ID="1A1718FD-AB9C-4470-839F-9A7C6778F166" platform="MtWeb" defaultW="1100" defaultH="1120" measureW="1100" measureH="865" mobileScreenScale="0">
  <controls controlCount="45">
    <control controlID="97E7943D-76BA-4DF1-8DFC-4F793C90AB26" controlTypeID="Label" x="297" y="206" w="64" h="21" zOrder="0">
      <opacity>0.699999988079071</opacity>
      <font family="Segoe+UI" displayName="Segoe+UI" postScript="" weightStyle="Regular" weight="400" isBold="False" isItalic="False"/>
      <text>%E6%88%91%E7%9A%84%E6%B1%82%E8%B4%AD</text>
      <textSize>16</textSize>
      <lineSpacing>0</lineSpacing>
      <useDefaultTextSize>False</useDefaultTextSize>
      <selectedIndex>-1</selectedIndex>
    </control>
    <control controlID="F285B4D8-9E07-4681-9158-3D13C3754993" controlTypeID="Shape" x="305" y="271" w="535" h="123" zOrder="1">
      <font family="Segoe+UI" displayName="Segoe+UI" postScript="" weightStyle="Regular" weight="400" isBold="False" isItalic="False"/>
      <textSize>14</textSize>
      <selectedIndex>-1</selectedIndex>
    </control>
    <control controlID="075FD64F-9217-436D-A199-6419B98E063B" controlTypeID="Label" x="327" y="286" w="72" h="23" zOrder="2">
      <font family="Segoe+UI" displayName="Segoe+UI" postScript="" weightStyle="Regular" weight="400" isBold="False" isItalic="False"/>
      <text>%E6%B1%82%E8%B4%AD%E6%A0%87%E9%A2%98</text>
      <textSize>18</textSize>
      <lineSpacing>0</lineSpacing>
      <useDefaultTextSize>False</useDefaultTextSize>
      <selectedIndex>-1</selectedIndex>
    </control>
    <control controlID="C0E82A36-4176-4CF5-BA8A-14BDCDD96F7F" controlTypeID="Shape" x="327" y="323" w="342" h="52" zOrder="3">
      <font family="Segoe+UI" displayName="Segoe+UI" postScript="" weightStyle="Regular" weight="400" isBold="False" isItalic="False"/>
      <text>%E6%B1%82%E8%B4%AD%E5%86%85%E5%AE%B9</text>
      <textSize>14</textSize>
      <selectedIndex>-1</selectedIndex>
    </control>
    <control controlID="66E0FB28-D2C7-4C33-A459-0BCB5F676E18" controlTypeID="Label" x="715" y="286" w="109" h="16" zOrder="4">
      <font family="Segoe+UI" displayName="Segoe+UI" postScript="" weightStyle="Regular" weight="400" isBold="False" isItalic="False"/>
      <text>2020-11-10+23%3A11%3A12</text>
      <textSize>12</textSize>
      <lineSpacing>0</lineSpacing>
      <useDefaultTextSize>False</useDefaultTextSize>
      <selectedIndex>-1</selectedIndex>
    </control>
    <control controlID="28802276-68C2-4DBF-8251-C858EABF1CB4" controlTypeID="Image" x="715" y="366" w="18" h="18" zOrder="5">
      <caption>%E5%9B%9E%E5%A4%8Dlogo</caption>
    </control>
    <control controlID="406DF732-A74A-4D90-A0F7-FF5CB4F7765C" controlTypeID="Label" x="743" y="365" w="8" h="19" zOrder="6">
      <font family="Segoe+UI" displayName="Segoe+UI" postScript="" weightStyle="Regular" weight="400" isBold="False" isItalic="False"/>
      <text>2</text>
      <lineSpacing>0</lineSpacing>
      <selectedIndex>-1</selectedIndex>
    </control>
    <control controlID="A0535B96-F26D-489E-B88E-5991640AB4C7" controlTypeID="Image" x="788" y="366" w="18" h="18" zOrder="7">
      <caption>%E9%98%85%E8%AF%BBlogo</caption>
    </control>
    <control controlID="2DCAA008-68A9-40D0-9AB6-AE26F6DC62C8" controlTypeID="Label" x="816" y="365" w="8" h="19" zOrder="8">
      <font family="Segoe+UI" displayName="Segoe+UI" postScript="" weightStyle="Regular" weight="400" isBold="False" isItalic="False"/>
      <text>3</text>
      <lineSpacing>0</lineSpacing>
      <selectedIndex>-1</selectedIndex>
    </control>
    <control controlID="F4C3A72E-7B3B-403B-B857-34336135A25B" controlTypeID="Shape" x="305" y="427" w="535" h="123" zOrder="9">
      <font family="Segoe+UI" displayName="Segoe+UI" postScript="" weightStyle="Regular" weight="400" isBold="False" isItalic="False"/>
      <textSize>14</textSize>
      <selectedIndex>-1</selectedIndex>
    </control>
    <control controlID="D5650CC9-1DE4-46D0-8B6B-1038C04F0EDE" controlTypeID="Label" x="327" y="442" w="72" h="23" zOrder="10">
      <font family="Segoe+UI" displayName="Segoe+UI" postScript="" weightStyle="Regular" weight="400" isBold="False" isItalic="False"/>
      <text>%E6%B1%82%E8%B4%AD%E6%A0%87%E9%A2%98</text>
      <textSize>18</textSize>
      <lineSpacing>0</lineSpacing>
      <useDefaultTextSize>False</useDefaultTextSize>
      <selectedIndex>-1</selectedIndex>
    </control>
    <control controlID="F1A4C62C-8C25-4050-89B3-48D99C907FEB" controlTypeID="Shape" x="327" y="479" w="342" h="52" zOrder="11">
      <font family="Segoe+UI" displayName="Segoe+UI" postScript="" weightStyle="Regular" weight="400" isBold="False" isItalic="False"/>
      <text>%E6%B1%82%E8%B4%AD%E5%86%85%E5%AE%B9</text>
      <textSize>14</textSize>
      <selectedIndex>-1</selectedIndex>
    </control>
    <control controlID="AA09713B-7990-4006-881E-84DE8B9A7479" controlTypeID="Label" x="715" y="442" w="109" h="16" zOrder="12">
      <font family="Segoe+UI" displayName="Segoe+UI" postScript="" weightStyle="Regular" weight="400" isBold="False" isItalic="False"/>
      <text>2020-11-10+23%3A11%3A12</text>
      <textSize>12</textSize>
      <lineSpacing>0</lineSpacing>
      <useDefaultTextSize>False</useDefaultTextSize>
      <selectedIndex>-1</selectedIndex>
    </control>
    <control controlID="D2858A92-091C-448B-8052-F6543615762B" controlTypeID="Image" x="715" y="522" w="18" h="18" zOrder="13">
      <caption>%E5%9B%9E%E5%A4%8Dlogo</caption>
    </control>
    <control controlID="A07100D5-E394-4625-925A-8F21AB1326F5" controlTypeID="Label" x="743" y="521" w="8" h="19" zOrder="14">
      <font family="Segoe+UI" displayName="Segoe+UI" postScript="" weightStyle="Regular" weight="400" isBold="False" isItalic="False"/>
      <text>2</text>
      <lineSpacing>0</lineSpacing>
      <selectedIndex>-1</selectedIndex>
    </control>
    <control controlID="F43B7627-2AEC-4302-BFA4-1562C1CB2012" controlTypeID="Image" x="788" y="522" w="18" h="18" zOrder="15">
      <caption>%E9%98%85%E8%AF%BBlogo</caption>
    </control>
    <control controlID="1D50820A-7034-4EFA-B888-B6A57F28FF26" controlTypeID="Label" x="816" y="521" w="8" h="19" zOrder="16">
      <font family="Segoe+UI" displayName="Segoe+UI" postScript="" weightStyle="Regular" weight="400" isBold="False" isItalic="False"/>
      <text>3</text>
      <lineSpacing>0</lineSpacing>
      <selectedIndex>-1</selectedIndex>
    </control>
    <control controlID="211D6912-B045-4C87-AAF8-FF0EE6E70B7C" controlTypeID="Shape" x="0" y="954" w="1100" h="166" zOrder="17">
      <color>4278190080</color>
      <borderVisible>False</borderVisible>
      <font family="Segoe+UI" displayName="Segoe+UI" postScript="" weightStyle="Regular" weight="400" isBold="False" isItalic="False"/>
      <textSize>14</textSize>
      <selectedIndex>-1</selectedIndex>
    </control>
    <control controlID="B4677885-BF80-45C2-887C-8CEEAFE04C3D" controlTypeID="Line" x="292" y="240" w="689" h="1" zOrder="18">
      <opacity>0.200000002980232</opacity>
      <font family="Segoe+UI" displayName="Segoe+UI" postScript="" weightStyle="Regular" weight="400" isBold="False" isItalic="False"/>
      <textSize>14</textSize>
      <lineSpacing>0</lineSpacing>
      <selectedIndex>-1</selectedIndex>
      <controlPoint>(344,0)</controlPoint>
      <startPoint>(0,0)</startPoint>
      <endPoint>(689,0)</endPoint>
    </control>
    <control controlID="63E33331-4F64-49C7-B877-8689958AF4A2" controlTypeID="Shape" x="54" y="189" w="155" h="408" zOrder="19">
      <color>4294111986</color>
      <font family="Segoe+UI" displayName="Segoe+UI" postScript="" weightStyle="Regular" weight="400" isBold="False" isItalic="False"/>
      <textSize>14</textSize>
      <selectedIndex>-1</selectedIndex>
    </control>
    <control controlID="901FC332-917F-43D0-BCF1-86D8DA981F09" controlTypeID="Label" x="78" y="206" w="72" h="23" zOrder="20">
      <font family="Segoe+UI" displayName="Segoe+UI+Bold" postScript="" weightStyle="Bold" weight="700" isBold="True" isItalic="False"/>
      <text>%E4%B8%AA%E4%BA%BA%E4%B8%AD%E5%BF%83</text>
      <textSize>18</textSize>
      <lineSpacing>0</lineSpacing>
      <textStyles>[fsBold]</textStyles>
      <useDefaultTextSize>False</useDefaultTextSize>
      <selectedIndex>-1</selectedIndex>
    </control>
    <control controlID="2381B8FB-0076-49FA-86B1-B9BD25E74D88" controlTypeID="Line" x="70" y="245" w="105" h="1" zOrder="21">
      <opacity>0.200000002980232</opacity>
      <font family="Segoe+UI" displayName="Segoe+UI" postScript="" weightStyle="Regular" weight="400" isBold="False" isItalic="False"/>
      <textSize>14</textSize>
      <lineSpacing>0</lineSpacing>
      <selectedIndex>-1</selectedIndex>
      <controlPoint>(52,0)</controlPoint>
      <startPoint>(0,0)</startPoint>
      <endPoint>(105,0)</endPoint>
    </control>
    <control controlID="279AE4BD-4786-49A2-8FE6-4745C87BB72E" controlTypeID="Label" x="78" y="264" w="64" h="21" zOrder="22">
      <opacity>0.699999988079071</opacity>
      <links eventType="AtClick" animate="AmNone" animateAutoDelay="0" animateDuration="500">
        <link targetPageID="A1C944E3-E884-459E-BFBF-F1FF4C9C63F1" linkType="ltPageLink" isApplyIncludePage="False" title="%E4%B8%AA%E4%BA%BA%E4%B8%AD%E5%BF%83%E2%80%94%E2%80%94%E6%88%91%E7%9A%84%E5%8F%91%E5%B8%83">
          <area shape="0" alt="" ID="{633DD3CA-3E40-43C4-BAB6-B61A07553DC0}" coords="(0,0,64,21)"/>
        </link>
      </links>
      <font family="Segoe+UI" displayName="Segoe+UI" postScript="" weightStyle="Regular" weight="400" isBold="False" isItalic="False"/>
      <text>%E6%88%91%E7%9A%84%E5%8F%91%E5%B8%83</text>
      <textSize>16</textSize>
      <lineSpacing>0</lineSpacing>
      <useDefaultTextSize>False</useDefaultTextSize>
      <selectedIndex>-1</selectedIndex>
    </control>
    <control controlID="676BA6D8-15B3-4E5B-A518-A5E29708DF76" controlTypeID="Label" x="78" y="311" w="64" h="21" zOrder="23">
      <opacity>0.699999988079071</opacity>
      <links eventType="AtClick" animate="AmNone" animateAutoDelay="0" animateDuration="500">
        <link targetPageID="1A1718FD-AB9C-4470-839F-9A7C6778F166" linkType="ltPageLink" isApplyIncludePage="False" title="%E4%B8%AA%E4%BA%BA%E4%B8%AD%E5%BF%83%E2%80%94%E2%80%94%E6%88%91%E7%9A%84%E6%B1%82%E8%B4%AD">
          <area shape="0" alt="" ID="{36D7BD01-4658-4FAE-892D-CFA9A351AD92}" coords="(0,0,64,21)"/>
        </link>
      </links>
      <font family="Segoe+UI" displayName="Segoe+UI" postScript="" weightStyle="Regular" weight="400" isBold="False" isItalic="False"/>
      <text>%E6%88%91%E7%9A%84%E6%B1%82%E8%B4%AD</text>
      <textSize>16</textSize>
      <lineSpacing>0</lineSpacing>
      <useDefaultTextSize>False</useDefaultTextSize>
      <selectedIndex>-1</selectedIndex>
    </control>
    <control controlID="58082DB7-7045-42A8-9020-894924B38645" controlTypeID="Label" x="78" y="358" w="64" h="21" zOrder="24">
      <opacity>0.699999988079071</opacity>
      <links eventType="AtClick" animate="AmNone" animateAutoDelay="0" animateDuration="500">
        <link targetPageID="EF1C3BF4-9892-4D78-A9BF-9ACC0EE7501B" linkType="ltPageLink" isApplyIncludePage="False" title="%E4%B8%AA%E4%BA%BA%E4%B8%AD%E5%BF%83%E2%80%94%E2%80%94%E6%88%91%E7%9A%84%E6%94%B6%E8%97%8F">
          <area shape="0" alt="" ID="{ACD1DE7E-55E8-4C42-B1F6-03F42A32A430}" coords="(0,0,64,21)"/>
        </link>
      </links>
      <font family="Segoe+UI" displayName="Segoe+UI" postScript="" weightStyle="Regular" weight="400" isBold="False" isItalic="False"/>
      <text>%E6%88%91%E7%9A%84%E6%94%B6%E8%97%8F</text>
      <textSize>16</textSize>
      <lineSpacing>0</lineSpacing>
      <useDefaultTextSize>False</useDefaultTextSize>
      <selectedIndex>-1</selectedIndex>
    </control>
    <control controlID="16994190-787F-4776-8A78-1877632ACFF3" controlTypeID="Label" x="78" y="405" w="64" h="21" zOrder="25">
      <opacity>0.699999988079071</opacity>
      <links eventType="AtClick" animate="AmNone" animateAutoDelay="0" animateDuration="500">
        <link targetPageID="61CCA56E-892B-439F-8476-01629D18DD8A" linkType="ltPageLink" isApplyIncludePage="False" title="%E4%B8%AA%E4%BA%BA%E4%B8%AD%E5%BF%83%E2%80%94%E2%80%94%E6%88%91%E7%9A%84%E8%AE%A2%E5%8D%95">
          <area shape="0" alt="" ID="{E6A27BC2-BB89-4B6A-9862-EDC6FADF1848}" coords="(0,0,64,21)"/>
        </link>
      </links>
      <font family="Segoe+UI" displayName="Segoe+UI" postScript="" weightStyle="Regular" weight="400" isBold="False" isItalic="False"/>
      <text>%E6%88%91%E7%9A%84%E8%AE%A2%E5%8D%95</text>
      <textSize>16</textSize>
      <lineSpacing>0</lineSpacing>
      <useDefaultTextSize>False</useDefaultTextSize>
      <selectedIndex>-1</selectedIndex>
    </control>
    <control controlID="66DB1A32-135A-4FB9-8F8F-089CE5307942" controlTypeID="Line" x="71" y="453" w="105" h="1" zOrder="26">
      <opacity>0.200000002980232</opacity>
      <font family="Segoe+UI" displayName="Segoe+UI" postScript="" weightStyle="Regular" weight="400" isBold="False" isItalic="False"/>
      <textSize>14</textSize>
      <lineSpacing>0</lineSpacing>
      <selectedIndex>-1</selectedIndex>
      <controlPoint>(52,0)</controlPoint>
      <startPoint>(0,0)</startPoint>
      <endPoint>(105,0)</endPoint>
    </control>
    <control controlID="2BA92E76-DE42-491C-A429-2D59755A5096" controlTypeID="Label" x="78" y="469" w="72" h="23" zOrder="27">
      <font family="Segoe+UI" displayName="Segoe+UI+Bold" postScript="" weightStyle="Bold" weight="700" isBold="True" isItalic="False"/>
      <text>%E8%B4%A6%E6%88%B7%E8%AE%BE%E7%BD%AE</text>
      <textSize>18</textSize>
      <lineSpacing>0</lineSpacing>
      <textStyles>[fsBold]</textStyles>
      <useDefaultTextSize>False</useDefaultTextSize>
      <selectedIndex>-1</selectedIndex>
    </control>
    <control controlID="1649E80C-97D3-4795-9EA7-8394BB970120" controlTypeID="Line" x="71" y="506" w="105" h="1" zOrder="28">
      <opacity>0.200000002980232</opacity>
      <font family="Segoe+UI" displayName="Segoe+UI" postScript="" weightStyle="Regular" weight="400" isBold="False" isItalic="False"/>
      <textSize>14</textSize>
      <lineSpacing>0</lineSpacing>
      <selectedIndex>-1</selectedIndex>
      <controlPoint>(52,0)</controlPoint>
      <startPoint>(0,0)</startPoint>
      <endPoint>(105,0)</endPoint>
    </control>
    <control controlID="30726190-A1AE-4094-B5BE-0F3C102AE04D" controlTypeID="Label" x="82" y="522" w="64" h="21" zOrder="29">
      <opacity>0.699999988079071</opacity>
      <links eventType="AtClick" animate="AmNone" animateAutoDelay="0" animateDuration="500">
        <link targetPageID="ECB97A6A-B61C-4C88-9A05-512D2804A00C" linkType="ltPageLink" isApplyIncludePage="False" title="%E4%B8%AA%E4%BA%BA%E4%B8%AD%E5%BF%83%E2%80%94%E2%80%94%E4%B8%AA%E4%BA%BA%E8%B5%84%E6%96%99">
          <area shape="0" alt="" ID="{2D1C6A93-9214-4FBF-895C-A4E75BD2533F}" coords="(0,0,64,21)"/>
        </link>
      </links>
      <font family="Segoe+UI" displayName="Segoe+UI" postScript="" weightStyle="Regular" weight="400" isBold="False" isItalic="False"/>
      <text>%E4%B8%AA%E4%BA%BA%E8%B5%84%E6%96%99</text>
      <textSize>16</textSize>
      <lineSpacing>0</lineSpacing>
      <useDefaultTextSize>False</useDefaultTextSize>
      <selectedIndex>-1</selectedIndex>
    </control>
    <control controlID="918CF5E8-183D-4172-BD22-42476D1E91E1" controlTypeID="Label" x="82" y="561" w="64" h="21" zOrder="30">
      <opacity>0.699999988079071</opacity>
      <links eventType="AtClick" animate="AmNone" animateAutoDelay="0" animateDuration="500">
        <link targetPageID="037C0DB2-6969-4B05-99F5-B931CE2DA6E8" linkType="ltPageLink" isApplyIncludePage="False" title="%E4%B8%AA%E4%BA%BA%E4%B8%AD%E5%BF%83%E2%80%94%E2%80%94%E5%AF%86%E7%A0%81%E8%AE%BE%E7%BD%AE">
          <area shape="0" alt="" ID="{EC5BBE4B-68B1-40BE-854A-56DC02D69CBD}" coords="(0,0,64,21)"/>
        </link>
      </links>
      <font family="Segoe+UI" displayName="Segoe+UI" postScript="" weightStyle="Regular" weight="400" isBold="False" isItalic="False"/>
      <text>%E5%AF%86%E7%A0%81%E8%AE%BE%E7%BD%AE</text>
      <textSize>16</textSize>
      <lineSpacing>0</lineSpacing>
      <useDefaultTextSize>False</useDefaultTextSize>
      <selectedIndex>-1</selectedIndex>
    </control>
    <control controlID="9148F3BF-97C2-4423-9555-0AD38F949573" controlTypeID="Shape" x="0" y="20" w="1100" h="90" zOrder="31">
      <color>4287090411</color>
      <font family="Segoe+UI" displayName="Segoe+UI" postScript="" weightStyle="Regular" weight="400" isBold="False" isItalic="False"/>
      <textSize>14</textSize>
      <selectedIndex>-1</selectedIndex>
      <borderMode>[bmBottom]</borderMode>
    </control>
    <control controlID="9F61BCA1-42AE-4BC6-926F-8E6332604004" controlTypeID="Image" x="113" y="25" w="197" h="75" zOrder="32">
      <caption>logo</caption>
    </control>
    <control controlID="C9AB750C-3791-4B29-9CB0-1FBE9ABE2BEE" controlTypeID="Shape" x="0" y="0" w="1100" h="20" zOrder="33">
      <font family="Segoe+UI" displayName="Segoe+UI" postScript="" weightStyle="Regular" weight="400" isBold="False" isItalic="False"/>
      <textSize>14</textSize>
      <selectedIndex>-1</selectedIndex>
      <borderMode>[bmTop,bmBottom]</borderMode>
    </control>
    <control controlID="998E97C4-9983-4554-B930-DF1D95BF503F" controlTypeID="Label" x="101" y="1" w="107" h="14" zOrder="34">
      <font family="Segoe+UI" displayName="Segoe+UI" postScript="" weightStyle="Regular" weight="400" isBold="False" isItalic="False"/>
      <text>%E5%96%B5%EF%BC%8C%E6%AC%A2%E8%BF%8E%E6%9D%A5%E5%88%B0%E6%A0%A1%E5%9B%AD%E6%98%93%E8%B4%AD%7E</text>
      <textColor>4286151033</textColor>
      <textSize>10</textSize>
      <lineSpacing>0</lineSpacing>
      <useDefaultTextSize>False</useDefaultTextSize>
      <selectedIndex>-1</selectedIndex>
    </control>
    <control controlID="3C4B6C7D-4127-418A-8D7D-2546F3CCA5DF" controlTypeID="Label" x="663" y="2" w="40" h="13" zOrder="35">
      <states>
        <state propName="TextColor" stateType="state_mouseOver" isChecked="True" value="4278229503" varType="20"/>
      </states>
      <links eventType="AtClick" animate="AmNone" animateAutoDelay="0" animateDuration="500">
        <link targetPageID="A1C944E3-E884-459E-BFBF-F1FF4C9C63F1" linkType="ltPageLink" isApplyIncludePage="False" title="%E4%B8%AA%E4%BA%BA%E4%B8%AD%E5%BF%83%E2%80%94%E2%80%94%E6%88%91%E7%9A%84%E5%8F%91%E5%B8%83">
          <area shape="0" alt="" ID="{C6FF30E2-62F8-4366-800A-8438C4005AAE}" coords="(0,0,40,13)"/>
        </link>
      </links>
      <font family="Segoe+UI" displayName="Segoe+UI" postScript="" weightStyle="Regular" weight="400" isBold="False" isItalic="False"/>
      <text>%E4%B8%AA%E4%BA%BA%E4%B8%AD%E5%BF%83</text>
      <textColor>4286151033</textColor>
      <textSize>10</textSize>
      <lineSpacing>0</lineSpacing>
      <useDefaultTextSize>False</useDefaultTextSize>
      <selectedIndex>-1</selectedIndex>
    </control>
    <control controlID="9AD45B51-5978-493A-B799-4E913EB9EF62" controlTypeID="Label" x="733" y="2" w="40" h="13" zOrder="36">
      <states>
        <state propName="TextColor" stateType="state_mouseOver" isChecked="True" value="4278229503" varType="20"/>
      </states>
      <links eventType="AtClick" animate="AmNone" animateAutoDelay="0" animateDuration="500">
        <link targetPageID="1A1718FD-AB9C-4470-839F-9A7C6778F166" linkType="ltPageLink" isApplyIncludePage="False" title="%E4%B8%AA%E4%BA%BA%E4%B8%AD%E5%BF%83%E2%80%94%E2%80%94%E6%88%91%E7%9A%84%E6%B1%82%E8%B4%AD">
          <area shape="0" alt="" ID="{F8861C4B-CF7E-4109-B63A-A43327726B0F}" coords="(0,0,40,13)"/>
        </link>
      </links>
      <font family="Segoe+UI" displayName="Segoe+UI" postScript="" weightStyle="Regular" weight="400" isBold="False" isItalic="False"/>
      <text>%E6%88%91%E7%9A%84%E6%B1%82%E8%B4%AD</text>
      <textColor>4286151033</textColor>
      <textSize>10</textSize>
      <lineSpacing>0</lineSpacing>
      <useDefaultTextSize>False</useDefaultTextSize>
      <selectedIndex>-1</selectedIndex>
    </control>
    <control controlID="4F0483EA-DF9E-4541-96C0-B3EAAC3A4512" controlTypeID="Label" x="802" y="2" w="40" h="13" zOrder="37">
      <states>
        <state propName="TextColor" stateType="state_mouseOver" isChecked="True" value="4278229503" varType="20"/>
      </states>
      <links eventType="AtClick" animate="AmNone" animateAutoDelay="0" animateDuration="500">
        <link targetPageID="EF1C3BF4-9892-4D78-A9BF-9ACC0EE7501B" linkType="ltPageLink" isApplyIncludePage="False" title="%E4%B8%AA%E4%BA%BA%E4%B8%AD%E5%BF%83%E2%80%94%E2%80%94%E6%88%91%E7%9A%84%E6%94%B6%E8%97%8F">
          <area shape="0" alt="" ID="{ADAED4E1-F406-49BF-A360-9D3AA5AAAA2A}" coords="(0,0,40,13)"/>
        </link>
      </links>
      <font family="Segoe+UI" displayName="Segoe+UI" postScript="" weightStyle="Regular" weight="400" isBold="False" isItalic="False"/>
      <text>%E6%88%91%E7%9A%84%E6%94%B6%E8%97%8F</text>
      <textColor>4286151033</textColor>
      <textSize>10</textSize>
      <lineSpacing>0</lineSpacing>
      <useDefaultTextSize>False</useDefaultTextSize>
      <selectedIndex>-1</selectedIndex>
    </control>
    <control controlID="0D7ECEB9-B237-4102-917F-517DC196AC4E" controlTypeID="Label" x="871" y="2" w="40" h="13" zOrder="38">
      <states>
        <state propName="TextColor" stateType="state_mouseOver" isChecked="True" value="4278229503" varType="20"/>
      </states>
      <links eventType="AtClick" animate="AmNone" animateAutoDelay="0" animateDuration="500">
        <link targetPageID="61CCA56E-892B-439F-8476-01629D18DD8A" linkType="ltPageLink" isApplyIncludePage="False" title="%E4%B8%AA%E4%BA%BA%E4%B8%AD%E5%BF%83%E2%80%94%E2%80%94%E6%88%91%E7%9A%84%E8%AE%A2%E5%8D%95">
          <area shape="0" alt="" ID="{DCCD1DB3-31B4-414B-91FB-E5C5AEA3951F}" coords="(0,0,40,13)"/>
        </link>
      </links>
      <font family="Segoe+UI" displayName="Segoe+UI" postScript="" weightStyle="Regular" weight="400" isBold="False" isItalic="False"/>
      <text>%E6%88%91%E7%9A%84%E8%AE%A2%E5%8D%95</text>
      <textColor>4286151033</textColor>
      <textSize>10</textSize>
      <lineSpacing>0</lineSpacing>
      <useDefaultTextSize>False</useDefaultTextSize>
      <selectedIndex>-1</selectedIndex>
    </control>
    <control controlID="4672005F-3F88-4A6A-8B59-1C0A9AD0C4F6" controlTypeID="Line" x="0" y="110" w="1099" h="1" zOrder="39">
      <font family="Segoe+UI" displayName="Segoe+UI" postScript="" weightStyle="Regular" weight="400" isBold="False" isItalic="False"/>
      <textSize>14</textSize>
      <lineSpacing>0</lineSpacing>
      <selectedIndex>-1</selectedIndex>
      <controlPoint>(550,0)</controlPoint>
      <startPoint>(0,0)</startPoint>
      <endPoint>(1099,0)</endPoint>
    </control>
    <control controlID="279F3FF3-03E5-4E43-8B2E-161BC3EE6EDA" controlTypeID="Label" x="940" y="2" w="40" h="13" zOrder="40">
      <states>
        <state propName="TextColor" stateType="state_mouseOver" isChecked="True" value="4278229503" varType="20"/>
      </states>
      <links eventType="AtClick" animate="AmNone" animateAutoDelay="0" animateDuration="500">
        <link targetPageID="EDE0E2B2-27B4-41CE-A002-F1851339F69C" linkType="ltPageLink" isApplyIncludePage="False" title="%E5%8F%91%E5%B8%83%E6%B1%82%E8%B4%AD">
          <area shape="0" alt="" ID="{DCCD1DB3-31B4-414B-91FB-E5C5AEA3951F}" coords="(0,0,40,13)"/>
        </link>
      </links>
      <font family="Segoe+UI" displayName="Segoe+UI" postScript="" weightStyle="Regular" weight="400" isBold="False" isItalic="False"/>
      <text>%E6%B1%82%E8%B4%AD%E5%95%86%E5%93%81</text>
      <textColor>4286151033</textColor>
      <textSize>10</textSize>
      <lineSpacing>0</lineSpacing>
      <useDefaultTextSize>False</useDefaultTextSize>
      <selectedIndex>-1</selectedIndex>
    </control>
    <control controlID="488948E2-127D-4251-982D-D158BE1AE229" controlTypeID="Label" x="1009" y="2" w="40" h="13" zOrder="41">
      <states>
        <state propName="TextColor" stateType="state_mouseOver" isChecked="True" value="4278229503" varType="20"/>
      </states>
      <links eventType="AtClick" animate="AmNone" animateAutoDelay="0" animateDuration="500">
        <link targetPageID="67261209-D3CC-40CA-9C85-5E38FCAE98E2" linkType="ltPageLink" isApplyIncludePage="False" title="%E5%8D%96%E5%AE%B6%E5%A1%AB%E5%85%A5%E5%95%86%E5%93%81%E4%BF%A1%E6%81%AF%E7%95%8C%E9%9D%A2">
          <area shape="0" alt="" ID="{DCCD1DB3-31B4-414B-91FB-E5C5AEA3951F}" coords="(0,0,40,13)"/>
        </link>
      </links>
      <font family="Segoe+UI" displayName="Segoe+UI" postScript="" weightStyle="Regular" weight="400" isBold="False" isItalic="False"/>
      <text>%E5%8F%91%E5%B8%83%E5%95%86%E5%93%81</text>
      <textColor>4286151033</textColor>
      <textSize>10</textSize>
      <lineSpacing>0</lineSpacing>
      <useDefaultTextSize>False</useDefaultTextSize>
      <selectedIndex>-1</selectedIndex>
    </control>
    <control controlID="94080AAE-DF51-43DD-963F-DB04E3F4C2FE" controlTypeID="Label" x="218" y="2" w="20" h="13" zOrder="42">
      <states>
        <state propName="TextColor" stateType="state_mouseOver" isChecked="True" value="4278229503" varType="20"/>
      </states>
      <links eventType="AtClick" animate="AmNone" animateAutoDelay="0" animateDuration="500">
        <link targetPageID="DE7059E3-6D69-4892-990B-4EE4BC9705D2" linkType="ltPageLink" isApplyIncludePage="False" title="%E9%A6%96%E9%A1%B5">
          <area shape="0" alt="" ID="{C6FF30E2-62F8-4366-800A-8438C4005AAE}" coords="(0,0,20,13)"/>
        </link>
      </links>
      <font family="Segoe+UI" displayName="Segoe+UI" postScript="" weightStyle="Regular" weight="400" isBold="False" isItalic="False"/>
      <text>%E9%A6%96%E9%A1%B5</text>
      <textColor>4286151033</textColor>
      <textSize>10</textSize>
      <lineSpacing>0</lineSpacing>
      <useDefaultTextSize>False</useDefaultTextSize>
      <selectedIndex>-1</selectedIndex>
    </control>
    <control controlID="4A1CD81F-C531-4978-9F8B-3D0B62B868F2" controlTypeID="Line" x="0" y="805" w="1099" h="1" zOrder="43">
      <font family="Segoe+UI" displayName="Segoe+UI" postScript="" weightStyle="Regular" weight="400" isBold="False" isItalic="False"/>
      <textSize>14</textSize>
      <lineSpacing>0</lineSpacing>
      <selectedIndex>-1</selectedIndex>
      <controlPoint>(550,0)</controlPoint>
      <startPoint>(0,0)</startPoint>
      <endPoint>(1099,0)</endPoint>
    </control>
    <control controlID="07939834-0287-4430-91EE-DB53B0706CF3" controlTypeID="Image" x="419" y="811" w="202" h="49" zOrder="44">
      <caption>logo</caption>
    </control>
  </controls>
  <param>
    <backgroundColor>4294967295</backgroundColor>
    <fontSize>14</fontSize>
    <fontFamily>Segoe+UI</fontFamily>
    <guideLines/>
  </param>
</mockup>