﻿<mockup version="5.3" minAllowVersion="5.3" ID="1F3D58DC-0CE8-44FE-9614-52018A21156E" platform="MtWeb" defaultW="1100" defaultH="1120" measureW="1100" measureH="1120" mobileScreenScale="0">
  <controls controlCount="72">
    <control controlID="A672B958-65B3-4C19-9857-60DC3B77635A" controlTypeID="Image" x="73" y="153" w="296" h="375" zOrder="0"/>
    <control controlID="B0E6B227-386D-4FD3-BD00-7E8A370A54C0" controlTypeID="Label" x="447" y="153" w="120" h="27" zOrder="1">
      <font family="%E5%BE%AE%E8%BD%AF%E9%9B%85%E9%BB%91" displayName="%E5%BE%AE%E8%BD%AF%E9%9B%85%E9%BB%91+Bold" postScript="" weightStyle="Bold" weight="700" isBold="True" isItalic="False" useDefaultFontFamily="False"/>
      <text>%E5%95%86%E5%93%81%E5%85%B3%E9%94%AE%E4%BF%A1%E6%81%AF</text>
      <textSize>20</textSize>
      <lineSpacing>0</lineSpacing>
      <textStyles>[fsBold]</textStyles>
      <useDefaultTextSize>False</useDefaultTextSize>
      <selectedIndex>-1</selectedIndex>
    </control>
    <control controlID="C495E4A5-1B11-45C8-A19C-537FA095553A" controlTypeID="PageControlEx" x="73" y="542" w="200" h="40" zOrder="2"/>
    <control controlID="BF4F2A65-E069-4C2B-AD44-CDD621F02EBB" controlTypeID="Label" x="447" y="199" w="47" h="25" zOrder="3">
      <font family="Segoe+UI" displayName="Segoe+UI" postScript="" weightStyle="Regular" weight="400" isBold="False" isItalic="False"/>
      <text>%EF%BF%A5170</text>
      <textColor>4294901760</textColor>
      <textSize>18</textSize>
      <lineSpacing>0</lineSpacing>
      <useDefaultTextSize>False</useDefaultTextSize>
      <selectedIndex>-1</selectedIndex>
    </control>
    <control controlID="DAD795AB-31E8-41B1-B760-FB1E4D4A0533" controlTypeID="Shape" x="447" y="243" w="322" h="164" zOrder="4">
      <font family="Segoe+UI" displayName="Segoe+UI" postScript="" weightStyle="Regular" weight="400" isBold="False" isItalic="False"/>
      <text>%E5%95%86%E5%93%81%E4%BB%8B%E7%BB%8D</text>
      <textSize>14</textSize>
      <selectedIndex>-1</selectedIndex>
    </control>
    <control controlID="03C8B2BC-170F-4B64-B34C-21D477ABBE26" controlTypeID="Shape" x="447" y="437" w="322" h="91" zOrder="5">
      <font family="Segoe+UI" displayName="Segoe+UI" postScript="" weightStyle="Regular" weight="400" isBold="False" isItalic="False"/>
      <textSize>14</textSize>
      <selectedIndex>-1</selectedIndex>
    </control>
    <control controlID="CF7E18E7-00ED-4D97-8B91-DCF709F997BA" controlTypeID="Image" x="447" y="437" w="96" h="91" zOrder="6">
      <caption>%E5%8D%96%E5%AE%B6%E5%A4%B4%E5%83%8F</caption>
    </control>
    <control controlID="7FEE7EEF-AA2E-4A76-83EB-9EC88B5F439C" controlTypeID="Label" x="559" y="447" w="42" h="19" zOrder="7">
      <font family="Segoe+UI" displayName="Segoe+UI" postScript="" weightStyle="Regular" weight="400" isBold="False" isItalic="False"/>
      <text>%E5%8D%96%E5%AE%B6ID</text>
      <lineSpacing>0</lineSpacing>
      <useDefaultTextSize>False</useDefaultTextSize>
      <selectedIndex>-1</selectedIndex>
    </control>
    <control controlID="94CC9330-CB8A-4CD9-ADAC-69E21661F087" controlTypeID="Label" x="559" y="488" w="70" h="18" zOrder="8">
      <font family="Segoe+UI" displayName="Segoe+UI" postScript="" weightStyle="Regular" weight="400" isBold="False" isItalic="False"/>
      <text>%E8%81%94%E7%B3%BB%E7%94%B5%E8%AF%9D%EF%BC%9A</text>
      <lineSpacing>0</lineSpacing>
      <selectedIndex>-1</selectedIndex>
    </control>
    <control controlID="1317694E-0429-43F5-B1BC-5C871879187B" controlTypeID="Line" x="1" y="587" w="1099" h="1" zOrder="9">
      <opacity>0.400000005960464</opacity>
      <font family="Segoe+UI" displayName="Segoe+UI" postScript="" weightStyle="Regular" weight="400" isBold="False" isItalic="False"/>
      <textSize>14</textSize>
      <lineSpacing>0</lineSpacing>
      <selectedIndex>-1</selectedIndex>
      <controlPoint>(550,0)</controlPoint>
      <startPoint>(0,0)</startPoint>
      <endPoint>(1099,0)</endPoint>
    </control>
    <control controlID="15B18763-0028-4EA7-BE66-7992DB24A834" controlTypeID="Label" x="73" y="608" w="143" h="27" zOrder="10">
      <font family="Segoe+UI" displayName="Segoe+UI+Bold" postScript="" weightStyle="Bold" weight="700" isBold="True" isItalic="False"/>
      <text>%E7%95%99%E8%A8%80%E4%BF%A1%E6%81%AF%EF%BC%8810%EF%BC%89</text>
      <textSize>20</textSize>
      <lineSpacing>0</lineSpacing>
      <textStyles>[fsBold]</textStyles>
      <useDefaultTextSize>False</useDefaultTextSize>
      <selectedIndex>-1</selectedIndex>
    </control>
    <control controlID="10656F99-A3D7-41BC-B347-29A0681831E7" controlTypeID="Line" x="51" y="663" w="998" h="1" zOrder="11">
      <opacity>0.300000011920929</opacity>
      <font family="Segoe+UI" displayName="Segoe+UI" postScript="" weightStyle="Regular" weight="400" isBold="False" isItalic="False"/>
      <textSize>14</textSize>
      <lineSpacing>0</lineSpacing>
      <selectedIndex>-1</selectedIndex>
      <controlPoint>(499,0)</controlPoint>
      <startPoint>(0,0)</startPoint>
      <endPoint>(998,0)</endPoint>
    </control>
    <control controlID="EF4E1F34-6EF8-4052-BABD-F7822C50898A" controlTypeID="Image" x="73" y="685" w="76" h="76" zOrder="12">
      <clipShapeType>SbEllipse</clipShapeType>
    </control>
    <control controlID="992E149D-0E6E-4B5A-9CBD-D4A2EBFA0021" controlTypeID="Label" x="176" y="692" w="34" h="17" zOrder="13">
      <font family="Segoe+UI" displayName="Segoe+UI" postScript="" weightStyle="Regular" weight="400" isBold="False" isItalic="False"/>
      <text>%E7%94%A8%E6%88%B7id</text>
      <textSize>12</textSize>
      <lineSpacing>0</lineSpacing>
      <useDefaultTextSize>False</useDefaultTextSize>
      <selectedIndex>-1</selectedIndex>
    </control>
    <control controlID="93D2886A-CB39-44D2-BB62-DD80647734DB" controlTypeID="Line" x="51" y="775" w="998" h="1" zOrder="14">
      <opacity>0.300000011920929</opacity>
      <font family="Segoe+UI" displayName="Segoe+UI" postScript="" weightStyle="Regular" weight="400" isBold="False" isItalic="False"/>
      <textSize>14</textSize>
      <lineSpacing>0</lineSpacing>
      <selectedIndex>-1</selectedIndex>
      <controlPoint>(499,0)</controlPoint>
      <startPoint>(0,0)</startPoint>
      <endPoint>(998,0)</endPoint>
    </control>
    <control controlID="C9B50D8C-41A8-4689-8F06-22AA794C71E3" controlTypeID="Label" x="176" y="730" w="56" h="18" zOrder="15">
      <font family="Segoe+UI" displayName="Segoe+UI" postScript="" weightStyle="Regular" weight="400" isBold="False" isItalic="False"/>
      <text>%E7%94%A8%E6%88%B7%E7%95%99%E8%A8%80</text>
      <lineSpacing>0</lineSpacing>
      <selectedIndex>-1</selectedIndex>
    </control>
    <control controlID="3240DF73-3AA9-43BE-A33E-CDB8588794F1" controlTypeID="Label" x="929" y="692" w="102" h="16" zOrder="16">
      <font family="Segoe+UI" displayName="Segoe+UI" postScript="" weightStyle="Regular" weight="400" isBold="False" isItalic="False"/>
      <text>2020-10-9+23%3A00%3A00</text>
      <textSize>12</textSize>
      <lineSpacing>0</lineSpacing>
      <useDefaultTextSize>False</useDefaultTextSize>
      <selectedIndex>-1</selectedIndex>
    </control>
    <control controlID="51ED613C-753E-4A78-BD1F-5197675EBF0E" controlTypeID="Image" x="73" y="791" w="76" h="76" zOrder="17">
      <clipShapeType>SbEllipse</clipShapeType>
    </control>
    <control controlID="C796CF17-EB65-4FFF-908B-7A26862FB374" controlTypeID="Label" x="176" y="798" w="34" h="17" zOrder="18">
      <font family="Segoe+UI" displayName="Segoe+UI" postScript="" weightStyle="Regular" weight="400" isBold="False" isItalic="False"/>
      <text>%E7%94%A8%E6%88%B7id</text>
      <textSize>12</textSize>
      <lineSpacing>0</lineSpacing>
      <useDefaultTextSize>False</useDefaultTextSize>
      <selectedIndex>-1</selectedIndex>
    </control>
    <control controlID="E3455E02-9CBA-4F0F-B04F-30EF1361964E" controlTypeID="Label" x="176" y="836" w="56" h="18" zOrder="19">
      <font family="Segoe+UI" displayName="Segoe+UI" postScript="" weightStyle="Regular" weight="400" isBold="False" isItalic="False"/>
      <text>%E7%94%A8%E6%88%B7%E7%95%99%E8%A8%80</text>
      <lineSpacing>0</lineSpacing>
      <selectedIndex>-1</selectedIndex>
    </control>
    <control controlID="C5DE83A1-BB18-404E-BCFE-97D8DAC72016" controlTypeID="Label" x="929" y="798" w="102" h="16" zOrder="20">
      <font family="Segoe+UI" displayName="Segoe+UI" postScript="" weightStyle="Regular" weight="400" isBold="False" isItalic="False"/>
      <text>2020-10-9+23%3A00%3A00</text>
      <textSize>12</textSize>
      <lineSpacing>0</lineSpacing>
      <useDefaultTextSize>False</useDefaultTextSize>
      <selectedIndex>-1</selectedIndex>
    </control>
    <control controlID="CC290A62-9B8F-4E52-874D-81374C1D130B" controlTypeID="Line" x="51" y="887" w="998" h="1" zOrder="21">
      <opacity>0.300000011920929</opacity>
      <font family="Segoe+UI" displayName="Segoe+UI" postScript="" weightStyle="Regular" weight="400" isBold="False" isItalic="False"/>
      <textSize>14</textSize>
      <lineSpacing>0</lineSpacing>
      <selectedIndex>-1</selectedIndex>
      <controlPoint>(499,0)</controlPoint>
      <startPoint>(0,0)</startPoint>
      <endPoint>(998,0)</endPoint>
    </control>
    <control controlID="077B7B7F-811B-4486-89AF-0D29195D56BD" controlTypeID="Label" x="502" y="898" w="84" h="18" zOrder="22">
      <font family="Segoe+UI" displayName="Segoe+UI" postScript="" weightStyle="Regular" weight="400" isBold="False" isItalic="False"/>
      <text>%E6%9F%A5%E7%9C%8B%E6%9B%B4%E5%A4%9A%E7%95%99%E8%A8%80</text>
      <textColor>4278229503</textColor>
      <lineSpacing>0</lineSpacing>
      <useDefaultTextSize>False</useDefaultTextSize>
      <selectedIndex>-1</selectedIndex>
    </control>
    <control controlID="0F6BBFA8-5956-4DE0-9264-BD63925E6B52" controlTypeID="Shape" x="592" y="904" w="14" h="7" zOrder="23">
      <color>4278229503</color>
      <borderVisible>False</borderVisible>
      <font family="Segoe+UI" displayName="Segoe+UI" postScript="" weightStyle="Regular" weight="400" isBold="False" isItalic="False"/>
      <textSize>14</textSize>
      <selectedIndex>-1</selectedIndex>
      <shapeBorderType>SbTriangle</shapeBorderType>
      <triangleType>TdOneHundredEighty</triangleType>
    </control>
    <control controlID="C914B86D-D0D1-48C9-B5B7-4E38739A7ECA" controlTypeID="Line" x="0" y="949" w="1099" h="1" zOrder="24">
      <opacity>0.400000005960464</opacity>
      <font family="Segoe+UI" displayName="Segoe+UI" postScript="" weightStyle="Regular" weight="400" isBold="False" isItalic="False"/>
      <textSize>14</textSize>
      <lineSpacing>0</lineSpacing>
      <selectedIndex>-1</selectedIndex>
      <controlPoint>(550,0)</controlPoint>
      <startPoint>(0,0)</startPoint>
      <endPoint>(1099,0)</endPoint>
    </control>
    <control controlID="ABF0DDDA-C84C-46D3-80A1-6C00A643408E" controlTypeID="Image" x="0" y="950" w="1100" h="170" zOrder="25">
      <caption>%E5%BA%95%E9%83%A8%E4%BF%A1%E6%81%AF%E5%92%8C%E4%B8%BB%E9%A1%B5%E4%B8%80%E8%87%B4</caption>
    </control>
    <control controlID="37EB1264-C760-4DAC-9795-DBC853001F6D" controlTypeID="Image" x="184" y="25" w="197" h="75" zOrder="26">
      <caption>logo</caption>
    </control>
    <control controlID="05B33184-CE72-489A-ACAE-19FA2F6DF4B8" controlTypeID="Shape" x="813" y="41" w="98" h="30" zOrder="27">
      <color>4287090411</color>
      <borderColor>4287090411</borderColor>
      <borderVisible>False</borderVisible>
      <font family="Segoe+UI" displayName="Segoe+UI" postScript="" weightStyle="Regular" weight="400" isBold="False" isItalic="False"/>
      <textSize>14</textSize>
      <selectedIndex>-1</selectedIndex>
      <thickness>5</thickness>
    </control>
    <control controlID="EAE6323B-7EE7-4E4F-A423-8A833CDCE372" controlTypeID="TextInput" x="446" y="41" w="377" h="30" zOrder="28">
      <borderColor>4287090411</borderColor>
      <font family="Segoe+UI" displayName="Segoe+UI" postScript="" weightStyle="Regular" weight="400" isBold="False" isItalic="False"/>
      <textColor>4286151033</textColor>
      <textSize>11</textSize>
      <lineSpacing>0</lineSpacing>
      <useDefaultTextSize>False</useDefaultTextSize>
      <selectedIndex>-1</selectedIndex>
    </control>
    <control controlID="5D168604-1467-4B28-9E5F-E61E558C92BA" controlTypeID="Shape" x="0" y="0" w="1100" h="20" zOrder="29">
      <font family="Segoe+UI" displayName="Segoe+UI" postScript="" weightStyle="Regular" weight="400" isBold="False" isItalic="False"/>
      <textSize>14</textSize>
      <selectedIndex>-1</selectedIndex>
      <borderMode>[bmTop,bmBottom]</borderMode>
    </control>
    <control controlID="23FD5314-DE4B-4E32-A01D-327D6B4FACCC" controlTypeID="Label" x="847" y="45" w="32" h="21" zOrder="30">
      <font family="Segoe+UI" displayName="Segoe+UI" postScript="" weightStyle="Regular" weight="400" isBold="False" isItalic="False"/>
      <text>%E6%90%9C%E7%B4%A2</text>
      <textSize>16</textSize>
      <lineSpacing>0</lineSpacing>
      <useDefaultTextSize>False</useDefaultTextSize>
      <selectedIndex>-1</selectedIndex>
    </control>
    <control controlID="17BA65CD-AD0C-4416-A913-6B9315F27B05" controlTypeID="Label" x="188" y="2" w="107" h="14" zOrder="31">
      <font family="Segoe+UI" displayName="Segoe+UI" postScript="" weightStyle="Regular" weight="400" isBold="False" isItalic="False"/>
      <text>%E5%96%B5%EF%BC%8C%E6%AC%A2%E8%BF%8E%E6%9D%A5%E5%88%B0%E6%A0%A1%E5%9B%AD%E6%98%93%E8%B4%AD%7E</text>
      <textColor>4286151033</textColor>
      <textSize>10</textSize>
      <lineSpacing>0</lineSpacing>
      <useDefaultTextSize>False</useDefaultTextSize>
      <selectedIndex>-1</selectedIndex>
    </control>
    <control controlID="00C33D8C-D500-48F1-9DBA-8E3FE02F3B36" controlTypeID="Label" x="305" y="2" w="30" h="13" zOrder="32">
      <states>
        <state propName="TextColor" stateType="state_mouseOver" isChecked="True" value="4278229503" varType="20"/>
      </states>
      <interactiveData>
        <entry title="">
          <area shape="0" alt="" ID="{6F7F601E-A165-4F91-B9B4-036E620AC541}" coords="(0,0,30,13)"/>
          <events title="">
            <event eventType="atClick" isChecked="True">
              <behaviour title="" isChecked="True" isWait="False" isLoop="False" execMode="emParallel">
                <target targetID="5DD7F7E8-6B86-45D3-86A9-1CC897D6BEA0" isChecked="True" isAutoRecovery="False" isLoop="False" execMode="emSequence">
                  <command name="Popup State Change" isChecked="True" descrition="">
                    <param name="AniInterpolation" value="0" varType="3" description=""/>
                    <param name="AniDuration" value="200" varType="3" description=""/>
                    <param name="AniAutoReverse" value="False" varType="11" description=""/>
                    <param name="AniLoop" value="False" varType="11" description=""/>
                    <param name="AniInterpolationTypeOut" value="False" varType="11" description=""/>
                    <param name="Delay" value="0" varType="3" description=""/>
                    <param name="Value" value="2" varType="3" description=""/>
                    <param name="AniType" value="0" varType="3" description=""/>
                  </command>
                </target>
              </behaviour>
            </event>
          </events>
        </entry>
      </interactiveData>
      <font family="Segoe+UI" displayName="Segoe+UI" postScript="" weightStyle="Regular" weight="400" isBold="False" isItalic="False"/>
      <text>%E8%AF%B7%E7%99%BB%E5%BD%95</text>
      <textColor>4286151033</textColor>
      <textSize>10</textSize>
      <lineSpacing>0</lineSpacing>
      <useDefaultTextSize>False</useDefaultTextSize>
      <selectedIndex>-1</selectedIndex>
    </control>
    <control controlID="E7DC558F-CE57-4B11-92BC-674503FBD33C" controlTypeID="Label" x="350" y="2" w="40" h="13" zOrder="33">
      <states>
        <state propName="TextColor" stateType="state_mouseOver" isChecked="True" value="4278229503" varType="20"/>
      </states>
      <interactiveData>
        <entry title="">
          <area shape="0" alt="" ID="{DB684ED5-0375-421E-AA11-553AC4C0F5DA}" coords="(0,0,40,13)"/>
          <events title="">
            <event eventType="atClick" isChecked="True">
              <behaviour title="" isChecked="True" isWait="False" isLoop="False" execMode="emParallel">
                <target targetID="2CF3B5A9-0B07-4BB6-94B4-DAF821440161" isChecked="True" isAutoRecovery="False" isLoop="False" execMode="emSequence">
                  <command name="Popup State Change" isChecked="True" descrition="">
                    <param name="AniInterpolation" value="0" varType="3" description=""/>
                    <param name="AniDuration" value="200" varType="3" description=""/>
                    <param name="AniAutoReverse" value="False" varType="11" description=""/>
                    <param name="AniLoop" value="False" varType="11" description=""/>
                    <param name="AniInterpolationTypeOut" value="False" varType="11" description=""/>
                    <param name="Delay" value="0" varType="3" description=""/>
                    <param name="Value" value="2" varType="3" description=""/>
                    <param name="AniType" value="0" varType="3" description=""/>
                  </command>
                </target>
              </behaviour>
            </event>
          </events>
        </entry>
      </interactiveData>
      <font family="Segoe+UI" displayName="Segoe+UI" postScript="" weightStyle="Regular" weight="400" isBold="False" isItalic="False"/>
      <text>%E5%85%8D%E8%B4%B9%E6%B3%A8%E5%86%8C</text>
      <textColor>4286151033</textColor>
      <textSize>10</textSize>
      <lineSpacing>0</lineSpacing>
      <useDefaultTextSize>False</useDefaultTextSize>
      <selectedIndex>-1</selectedIndex>
    </control>
    <control controlID="B855D048-DD0A-497D-B306-D4588A9C0E4C" controlTypeID="Label" x="663" y="2" w="40" h="13" zOrder="34">
      <states>
        <state propName="TextColor" stateType="state_mouseOver" isChecked="True" value="4278229503" varType="20"/>
      </states>
      <links eventType="AtClick" animate="AmNone" animateAutoDelay="0" animateDuration="500">
        <link targetPageID="A1C944E3-E884-459E-BFBF-F1FF4C9C63F1" linkType="ltPageLink" isApplyIncludePage="False" title="%E4%B8%AA%E4%BA%BA%E4%B8%AD%E5%BF%83%E2%80%94%E2%80%94%E6%88%91%E7%9A%84%E5%8F%91%E5%B8%83">
          <area shape="0" alt="" ID="{C6FF30E2-62F8-4366-800A-8438C4005AAE}" coords="(0,0,40,13)"/>
        </link>
      </links>
      <font family="Segoe+UI" displayName="Segoe+UI" postScript="" weightStyle="Regular" weight="400" isBold="False" isItalic="False"/>
      <text>%E4%B8%AA%E4%BA%BA%E4%B8%AD%E5%BF%83</text>
      <textColor>4286151033</textColor>
      <textSize>10</textSize>
      <lineSpacing>0</lineSpacing>
      <useDefaultTextSize>False</useDefaultTextSize>
      <selectedIndex>-1</selectedIndex>
    </control>
    <control controlID="DF87C436-51BC-43DA-90E4-D7F8B917F763" controlTypeID="Label" x="733" y="2" w="40" h="13" zOrder="35">
      <states>
        <state propName="TextColor" stateType="state_mouseOver" isChecked="True" value="4278229503" varType="20"/>
      </states>
      <links eventType="AtClick" animate="AmNone" animateAutoDelay="0" animateDuration="500">
        <link targetPageID="1A1718FD-AB9C-4470-839F-9A7C6778F166" linkType="ltPageLink" isApplyIncludePage="False" title="%E4%B8%AA%E4%BA%BA%E4%B8%AD%E5%BF%83%E2%80%94%E2%80%94%E6%88%91%E7%9A%84%E6%B1%82%E8%B4%AD">
          <area shape="0" alt="" ID="{F8861C4B-CF7E-4109-B63A-A43327726B0F}" coords="(0,0,40,13)"/>
        </link>
      </links>
      <font family="Segoe+UI" displayName="Segoe+UI" postScript="" weightStyle="Regular" weight="400" isBold="False" isItalic="False"/>
      <text>%E6%88%91%E7%9A%84%E6%B1%82%E8%B4%AD</text>
      <textColor>4286151033</textColor>
      <textSize>10</textSize>
      <lineSpacing>0</lineSpacing>
      <useDefaultTextSize>False</useDefaultTextSize>
      <selectedIndex>-1</selectedIndex>
    </control>
    <control controlID="6595985F-0028-4C56-8309-A4B62D4739A7" controlTypeID="Label" x="802" y="2" w="40" h="13" zOrder="36">
      <states>
        <state propName="TextColor" stateType="state_mouseOver" isChecked="True" value="4278229503" varType="20"/>
      </states>
      <links eventType="AtClick" animate="AmNone" animateAutoDelay="0" animateDuration="500">
        <link targetPageID="EF1C3BF4-9892-4D78-A9BF-9ACC0EE7501B" linkType="ltPageLink" isApplyIncludePage="False" title="%E4%B8%AA%E4%BA%BA%E4%B8%AD%E5%BF%83%E2%80%94%E2%80%94%E6%88%91%E7%9A%84%E6%94%B6%E8%97%8F">
          <area shape="0" alt="" ID="{ADAED4E1-F406-49BF-A360-9D3AA5AAAA2A}" coords="(0,0,40,13)"/>
        </link>
      </links>
      <font family="Segoe+UI" displayName="Segoe+UI" postScript="" weightStyle="Regular" weight="400" isBold="False" isItalic="False"/>
      <text>%E6%88%91%E7%9A%84%E6%94%B6%E8%97%8F</text>
      <textColor>4286151033</textColor>
      <textSize>10</textSize>
      <lineSpacing>0</lineSpacing>
      <useDefaultTextSize>False</useDefaultTextSize>
      <selectedIndex>-1</selectedIndex>
    </control>
    <control controlID="22DFBA9B-2C8C-4354-8853-FD54061A708C" controlTypeID="Label" x="871" y="2" w="40" h="13" zOrder="37">
      <states>
        <state propName="TextColor" stateType="state_mouseOver" isChecked="True" value="4278229503" varType="20"/>
      </states>
      <links eventType="AtClick" animate="AmNone" animateAutoDelay="0" animateDuration="500">
        <link targetPageID="61CCA56E-892B-439F-8476-01629D18DD8A" linkType="ltPageLink" isApplyIncludePage="False" title="%E4%B8%AA%E4%BA%BA%E4%B8%AD%E5%BF%83%E2%80%94%E2%80%94%E6%88%91%E7%9A%84%E8%AE%A2%E5%8D%95">
          <area shape="0" alt="" ID="{DCCD1DB3-31B4-414B-91FB-E5C5AEA3951F}" coords="(0,0,40,13)"/>
        </link>
      </links>
      <font family="Segoe+UI" displayName="Segoe+UI" postScript="" weightStyle="Regular" weight="400" isBold="False" isItalic="False"/>
      <text>%E6%88%91%E7%9A%84%E8%AE%A2%E5%8D%95</text>
      <textColor>4286151033</textColor>
      <textSize>10</textSize>
      <lineSpacing>0</lineSpacing>
      <useDefaultTextSize>False</useDefaultTextSize>
      <selectedIndex>-1</selectedIndex>
    </control>
    <control controlID="4CD1C397-1623-409B-A441-B3B36DC6676E" controlTypeID="Line" x="0" y="110" w="1099" h="1" zOrder="38">
      <font family="Segoe+UI" displayName="Segoe+UI" postScript="" weightStyle="Regular" weight="400" isBold="False" isItalic="False"/>
      <textSize>14</textSize>
      <lineSpacing>0</lineSpacing>
      <selectedIndex>-1</selectedIndex>
      <controlPoint>(550,0)</controlPoint>
      <startPoint>(0,0)</startPoint>
      <endPoint>(1099,0)</endPoint>
    </control>
    <control controlID="691868A8-555D-4F35-B98A-587E7F40CF0A" controlTypeID="Label" x="940" y="2" w="40" h="13" zOrder="39">
      <states>
        <state propName="TextColor" stateType="state_mouseOver" isChecked="True" value="4278229503" varType="20"/>
      </states>
      <links eventType="AtClick" animate="AmNone" animateAutoDelay="0" animateDuration="500">
        <link targetPageID="EDE0E2B2-27B4-41CE-A002-F1851339F69C" linkType="ltPageLink" isApplyIncludePage="False" title="%E5%8F%91%E5%B8%83%E6%B1%82%E8%B4%AD">
          <area shape="0" alt="" ID="{DCCD1DB3-31B4-414B-91FB-E5C5AEA3951F}" coords="(0,0,40,13)"/>
        </link>
      </links>
      <font family="Segoe+UI" displayName="Segoe+UI" postScript="" weightStyle="Regular" weight="400" isBold="False" isItalic="False"/>
      <text>%E6%B1%82%E8%B4%AD%E5%95%86%E5%93%81</text>
      <textColor>4286151033</textColor>
      <textSize>10</textSize>
      <lineSpacing>0</lineSpacing>
      <useDefaultTextSize>False</useDefaultTextSize>
      <selectedIndex>-1</selectedIndex>
    </control>
    <control controlID="6DB20198-1AE8-4440-A626-9B791E705039" controlTypeID="Label" x="1009" y="2" w="40" h="13" zOrder="40">
      <states>
        <state propName="TextColor" stateType="state_mouseOver" isChecked="True" value="4278229503" varType="20"/>
      </states>
      <links eventType="AtClick" animate="AmNone" animateAutoDelay="0" animateDuration="500">
        <link targetPageID="67261209-D3CC-40CA-9C85-5E38FCAE98E2" linkType="ltPageLink" isApplyIncludePage="False" title="%E5%8D%96%E5%AE%B6%E5%A1%AB%E5%85%A5%E5%95%86%E5%93%81%E4%BF%A1%E6%81%AF%E7%95%8C%E9%9D%A2">
          <area shape="0" alt="" ID="{DCCD1DB3-31B4-414B-91FB-E5C5AEA3951F}" coords="(0,0,40,13)"/>
        </link>
      </links>
      <font family="Segoe+UI" displayName="Segoe+UI" postScript="" weightStyle="Regular" weight="400" isBold="False" isItalic="False"/>
      <text>%E5%8F%91%E5%B8%83%E5%95%86%E5%93%81</text>
      <textColor>4286151033</textColor>
      <textSize>10</textSize>
      <lineSpacing>0</lineSpacing>
      <useDefaultTextSize>False</useDefaultTextSize>
      <selectedIndex>-1</selectedIndex>
    </control>
    <control controlID="811DC93B-7D40-4528-9422-5009A442AD4F" controlTypeID="Button" x="833" y="479" w="93" h="35" zOrder="41">
      <font family="Segoe+UI" displayName="Segoe+UI" postScript="" weightStyle="Regular" weight="400" isBold="False" isItalic="False"/>
      <text>%E6%94%B6%E8%97%8F</text>
      <lineSpacing>0</lineSpacing>
      <selectedIndex>-1</selectedIndex>
      <radius>4</radius>
    </control>
    <control controlID="5DD7F7E8-6B86-45D3-86A9-1CC897D6BEA0" controlTypeID="PopupPanel" x="20" y="30" w="46" h="46" zOrder="42">
      <groupChildrenDescriptors>
        <control controlID="0C10BC4E-4D37-4868-B9D7-944D964611A5" controlTypeID="Panel" x="0" y="0" w="1100" h="1120" zOrder="0">
          <locked>True</locked>
          <color>1879048192</color>
          <borderVisible>False</borderVisible>
          <canMove>False</canMove>
          <alias>background</alias>
          <groupChildrenDescriptors>
            <control controlID="2A232374-3F0C-4D08-857A-72413BA50B5A" controlTypeID="Border" x="0" y="0" w="1100" h="1120" zOrder="0">
              <borderVisible>False</borderVisible>
              <alias>borderLayer</alias>
            </control>
          </groupChildrenDescriptors>
          <thinkness>1</thinkness>
        </control>
        <control controlID="D3760F06-BC86-453B-A05B-5DC526B7A278" controlTypeID="PopupPanelContent" x="343" y="162" w="379" h="367" zOrder="1">
          <color>16777215</color>
          <alias>content</alias>
          <groupChildrenDescriptors>
            <control controlID="92932FA7-ABD1-4B1E-8B9B-14EF094E10AE" controlTypeID="TextArea" x="0" y="0" w="379" h="367" zOrder="0">
              <color>4294967295</color>
              <borderColor>4278190080</borderColor>
              <borderVisible>True</borderVisible>
              <font family="%E5%BE%AE%E8%BD%AF%E9%9B%85%E9%BB%91" displayName="%E5%BE%AE%E8%BD%AF%E9%9B%85%E9%BB%91" postScript="" weightStyle="Regular" weight="400" isBold="False" isItalic="False" useDefaultFontFamily="False"/>
              <selectedIndex>-1</selectedIndex>
            </control>
            <control controlID="0016EFC9-B040-411F-A68E-279CB0100619" controlTypeID="Label" x="39" y="45" w="80" h="26" zOrder="1">
              <links eventType="AtClick" animate="AmNone" animateAutoDelay="0" animateDuration="500">
                <link targetPageID="11880DA6-F11E-4B12-A7C4-CC5810EE0894" linkType="ltPageLink" isApplyIncludePage="False" title="%E7%99%BB%E5%BD%95">
                  <area shape="0" alt="" ID="{C6971F6E-60C3-40F3-AE2D-950FB953E0EC}" coords="(0,0,80,26)"/>
                </link>
              </links>
              <font family="Segoe+UI" displayName="Segoe+UI" postScript="" weightStyle="Regular" weight="400" isBold="False" isItalic="False"/>
              <text>%E6%89%8B%E6%9C%BA%E7%99%BB%E5%BD%95</text>
              <textSize>20</textSize>
              <lineSpacing>0</lineSpacing>
              <useDefaultTextSize>False</useDefaultTextSize>
              <selectedIndex>-1</selectedIndex>
            </control>
            <control controlID="E42B87F8-5827-45F5-9ECC-E10011B6AE58" controlTypeID="Label" x="147" y="45" w="80" h="26" zOrder="2">
              <opacity>0.5</opacity>
              <links eventType="AtClick" animate="AmNone" animateAutoDelay="0" animateDuration="500">
                <link targetPageID="3F9238B6-9656-4BB7-8BD5-419EE3370727" linkType="ltPageLink" isApplyIncludePage="False" title="%E7%9F%AD%E6%81%AF%E7%99%BB%E5%BD%95">
                  <area shape="0" alt="" ID="{DD4B7E9F-1E09-4E0C-B8DD-3BFE6C9B6D4E}" coords="(0,0,80,26)"/>
                </link>
              </links>
              <font family="Segoe+UI" displayName="Segoe+UI" postScript="" weightStyle="Regular" weight="400" isBold="False" isItalic="False"/>
              <text>%E7%9F%AD%E4%BF%A1%E7%99%BB%E9%99%86</text>
              <textSize>20</textSize>
              <lineSpacing>0</lineSpacing>
              <useDefaultTextSize>False</useDefaultTextSize>
              <selectedIndex>-1</selectedIndex>
            </control>
            <control controlID="EA9A704A-E47B-472C-BC30-B354093495DB" controlTypeID="Label" x="255" y="45" w="80" h="26" zOrder="3">
              <opacity>0.5</opacity>
              <links eventType="AtClick" animate="AmNone" animateAutoDelay="0" animateDuration="500">
                <link targetPageID="9DCC9335-8024-4385-B46E-1195C6B44A4A" linkType="ltPageLink" isApplyIncludePage="False" title="%E9%82%AE%E7%AE%B1%E7%99%BB%E5%BD%95">
                  <area shape="0" alt="" ID="{3B939549-F163-4C47-BDA9-67A2062BC423}" coords="(0,0,80,26)"/>
                </link>
              </links>
              <font family="Segoe+UI" displayName="Segoe+UI" postScript="" weightStyle="Regular" weight="400" isBold="False" isItalic="False"/>
              <text>%E9%82%AE%E7%AE%B1%E7%99%BB%E5%BD%95</text>
              <textSize>20</textSize>
              <lineSpacing>0</lineSpacing>
              <useDefaultTextSize>False</useDefaultTextSize>
              <selectedIndex>-1</selectedIndex>
            </control>
            <control controlID="8BBC6AD6-2878-46A4-A45A-F373C762514D" controlTypeID="RedX" x="13" y="15" w="17" h="17" zOrder="4"/>
            <control controlID="7960F852-9DF2-49E6-AF81-81CC4A1C1AC1" controlTypeID="TextInput" x="39" y="118" w="296" h="43" zOrder="5">
              <font family="Segoe+UI" displayName="Segoe+UI" postScript="" weightStyle="Regular" weight="400" isBold="False" isItalic="False"/>
              <lineSpacing>0</lineSpacing>
              <selectedIndex>-1</selectedIndex>
              <placeHolder>%E8%BE%93%E5%85%A5%E6%89%8B%E6%9C%BA%E5%8F%B7</placeHolder>
              <radius>5</radius>
            </control>
            <control controlID="65A0D5B1-BEB2-446B-AD21-E0FF04A60F40" controlTypeID="TextInput" x="39" y="188" w="296" h="43" zOrder="6">
              <font family="Segoe+UI" displayName="Segoe+UI" postScript="" weightStyle="Regular" weight="400" isBold="False" isItalic="False"/>
              <lineSpacing>0</lineSpacing>
              <selectedIndex>-1</selectedIndex>
              <placeHolder>%E8%BE%93%E5%85%A5%E5%AF%86%E7%A0%81</placeHolder>
              <radius>5</radius>
            </control>
            <control controlID="A3850EB0-7E7C-4153-BB64-75BA5232A967" controlTypeID="Shape" x="39" y="290" w="296" h="43" zOrder="7">
              <color>4281175280</color>
              <font family="Segoe+UI" displayName="Segoe+UI" postScript="" weightStyle="Regular" weight="400" isBold="False" isItalic="False"/>
              <text>%E7%99%BB%E5%BD%95</text>
              <textColor>4294967295</textColor>
              <textSize>14</textSize>
              <useDefaultTextSize>False</useDefaultTextSize>
              <selectedIndex>-1</selectedIndex>
              <radius>5</radius>
            </control>
            <control controlID="AC09BBBD-2501-4A7D-B3B2-D50D018E45CD" controlTypeID="Label" x="293" y="254" w="42" h="18" zOrder="8">
              <links eventType="AtClick" animate="AmNone" animateAutoDelay="0" animateDuration="500">
                <link targetPageID="12E71447-7923-45BB-8B9E-8750F88695AE" linkType="ltPageLink" isApplyIncludePage="False" title="%E6%89%8B%E6%9C%BA%E6%B3%A8%E5%86%8C">
                  <area shape="0" alt="" ID="{6F6C6177-9760-45B5-9751-0AA79C72CDB9}" coords="(0,0,42,18)"/>
                </link>
              </links>
              <font family="Segoe+UI" displayName="Segoe+UI" postScript="" weightStyle="Regular" weight="400" isBold="False" isItalic="False"/>
              <text>%E5%8E%BB%E6%B3%A8%E5%86%8C</text>
              <lineSpacing>0</lineSpacing>
              <selectedIndex>-1</selectedIndex>
            </control>
          </groupChildrenDescriptors>
        </control>
      </groupChildrenDescriptors>
      <aniType>dnFade</aniType>
    </control>
    <control controlID="2CF3B5A9-0B07-4BB6-94B4-DAF821440161" controlTypeID="PopupPanel" x="93" y="30" w="46" h="46" zOrder="43">
      <groupChildrenDescriptors>
        <control controlID="D2F5FE8B-56B5-4DC7-BCE4-05879348B7B8" controlTypeID="Panel" x="0" y="0" w="1100" h="1120" zOrder="0">
          <locked>True</locked>
          <color>1879048192</color>
          <borderVisible>False</borderVisible>
          <canMove>False</canMove>
          <alias>background</alias>
          <groupChildrenDescriptors>
            <control controlID="4E450FC8-1B60-411B-9F74-2B7B1AE766D0" controlTypeID="Border" x="0" y="0" w="1100" h="1120" zOrder="0">
              <borderVisible>False</borderVisible>
              <alias>borderLayer</alias>
            </control>
          </groupChildrenDescriptors>
          <thinkness>1</thinkness>
        </control>
        <control controlID="CC5075D1-B37D-4015-8D37-5F8ED9696DC1" controlTypeID="PopupPanelContent" x="360" y="148" w="379" h="433" zOrder="1">
          <color>16777215</color>
          <alias>content</alias>
          <groupChildrenDescriptors>
            <control controlID="B8385E58-5852-4E78-AA78-CFCD28CBD294" controlTypeID="TextArea" x="0" y="0" w="379" h="433" zOrder="0">
              <color>4294967295</color>
              <borderColor>4278190080</borderColor>
              <borderVisible>True</borderVisible>
              <font family="%E5%BE%AE%E8%BD%AF%E9%9B%85%E9%BB%91" displayName="%E5%BE%AE%E8%BD%AF%E9%9B%85%E9%BB%91" postScript="" weightStyle="Regular" weight="400" isBold="False" isItalic="False" useDefaultFontFamily="False"/>
              <selectedIndex>-1</selectedIndex>
            </control>
            <control controlID="2CB2B357-0E48-42DC-A5DD-D4133CFF511E" controlTypeID="Label" x="74" y="44" w="96" h="31" zOrder="1">
              <font family="Segoe+UI" displayName="Segoe+UI" postScript="" weightStyle="Regular" weight="400" isBold="False" isItalic="False"/>
              <text>%E6%89%8B%E6%9C%BA%E6%B3%A8%E5%86%8C</text>
              <textSize>24</textSize>
              <lineSpacing>0</lineSpacing>
              <useDefaultTextSize>False</useDefaultTextSize>
              <selectedIndex>-1</selectedIndex>
            </control>
            <control controlID="CC16C46E-4C46-47BA-8531-F008A33AA663" controlTypeID="RedX" x="13" y="15" w="17" h="17" zOrder="2"/>
            <control controlID="F2E8989C-29EC-4E3C-92CC-57F736E2E601" controlTypeID="Shape" x="39" y="118" w="296" h="43" zOrder="3">
              <color>4294111986</color>
              <font family="Segoe+UI" displayName="Segoe+UI" postScript="" weightStyle="Regular" weight="400" isBold="False" isItalic="False" useDefaultFontFamily="False"/>
              <textSize>14</textSize>
              <selectedIndex>-1</selectedIndex>
              <radius>5</radius>
            </control>
            <control controlID="858FEC53-8516-4066-871C-AF22B68071D3" controlTypeID="Shape" x="39" y="188" w="296" h="43" zOrder="4">
              <color>4294111986</color>
              <font family="Segoe+UI" displayName="Segoe+UI" postScript="" weightStyle="Regular" weight="400" isBold="False" isItalic="False" useDefaultFontFamily="False"/>
              <textSize>14</textSize>
              <selectedIndex>-1</selectedIndex>
              <radius>5</radius>
            </control>
            <control controlID="F2DAF3EB-261D-4A55-BFAD-52E5CE272E09" controlTypeID="Label" x="54" y="201" w="56" h="18" zOrder="5">
              <color>15000804</color>
              <opacity>0.5</opacity>
              <font family="Segoe+UI" displayName="Segoe+UI" postScript="" weightStyle="Regular" weight="400" isBold="False" isItalic="False"/>
              <text>%E8%BE%93%E5%85%A5%E5%AF%86%E7%A0%81</text>
              <lineSpacing>0</lineSpacing>
              <selectedIndex>-1</selectedIndex>
            </control>
            <control controlID="E87BF972-40DD-402A-AED1-63B3DDF804E2" controlTypeID="Label" x="54" y="131" w="70" h="18" zOrder="6">
              <states>
                <state propName="Text" stateType="state_mouseOver" isChecked="True" value="%E8%BE%93%E5%85%A5%E6%89%8B%E6%9C%BA%E5%8F%B7" varType="256"/>
              </states>
              <color>4294111986</color>
              <opacity>0.5</opacity>
              <font family="Segoe+UI" displayName="Segoe+UI" postScript="" weightStyle="Regular" weight="400" isBold="False" isItalic="False"/>
              <text>%E8%BE%93%E5%85%A5%E6%89%8B%E6%9C%BA%E5%8F%B7</text>
              <lineSpacing>0</lineSpacing>
              <selectedIndex>-1</selectedIndex>
            </control>
            <control controlID="D17EE9AD-6AAE-4741-B728-CD20ACC2062A" controlTypeID="Label" x="293" y="315" w="42" h="18" zOrder="7">
              <font family="Segoe+UI" displayName="Segoe+UI" postScript="" weightStyle="Regular" weight="400" isBold="False" isItalic="False"/>
              <text>%E5%8E%BB%E7%99%BB%E9%99%86</text>
              <lineSpacing>0</lineSpacing>
              <selectedIndex>-1</selectedIndex>
            </control>
            <control controlID="EE8B4B38-0FCB-4A2A-BEF1-0FBA53AA912C" controlTypeID="Shape" x="39" y="349" w="296" h="43" zOrder="8">
              <color>4281175280</color>
              <font family="Segoe+UI" displayName="Segoe+UI" postScript="" weightStyle="Regular" weight="400" isBold="False" isItalic="False"/>
              <text>%E6%B3%A8%E5%86%8C</text>
              <textColor>4294967295</textColor>
              <textSize>14</textSize>
              <useDefaultTextSize>False</useDefaultTextSize>
              <selectedIndex>-1</selectedIndex>
              <radius>5</radius>
            </control>
            <control controlID="05B568F4-FEBE-4132-A5E7-8BFEFD72534F" controlTypeID="Label" x="202" y="44" w="96" h="31" zOrder="9">
              <opacity>0.5</opacity>
              <links eventType="AtClick" animate="AmNone" animateAutoDelay="0" animateDuration="500">
                <link targetPageID="F9F61EF6-8EDE-4B08-A471-F09997320174" linkType="ltPageLink" isApplyIncludePage="False" title="%E9%82%AE%E7%AE%B1%E6%B3%A8%E5%86%8C">
                  <area shape="0" alt="" ID="{4ADDC1C9-AB5E-4478-BF93-74296016F45D}" coords="(0,0,96,31)"/>
                </link>
              </links>
              <font family="Segoe+UI" displayName="Segoe+UI" postScript="" weightStyle="Regular" weight="400" isBold="False" isItalic="False"/>
              <text>%E9%82%AE%E7%AE%B1%E6%B3%A8%E5%86%8C</text>
              <textSize>24</textSize>
              <lineSpacing>0</lineSpacing>
              <useDefaultTextSize>False</useDefaultTextSize>
              <selectedIndex>-1</selectedIndex>
            </control>
            <control controlID="DFCB3DF1-C245-4E45-9FC2-167289F127AF" controlTypeID="Shape" x="39" y="258" w="296" h="43" zOrder="10">
              <color>4294111986</color>
              <font family="Segoe+UI" displayName="Segoe+UI" postScript="" weightStyle="Regular" weight="400" isBold="False" isItalic="False" useDefaultFontFamily="False"/>
              <textSize>14</textSize>
              <selectedIndex>-1</selectedIndex>
              <radius>5</radius>
            </control>
            <control controlID="FF934989-5840-419C-8A2E-DFF2539F1C5B" controlTypeID="Label" x="54" y="271" w="70" h="18" zOrder="11">
              <color>15000804</color>
              <opacity>0.5</opacity>
              <font family="Segoe+UI" displayName="Segoe+UI" postScript="" weightStyle="Regular" weight="400" isBold="False" isItalic="False"/>
              <text>%E8%BE%93%E5%85%A5%E9%AA%8C%E8%AF%81%E7%A0%81</text>
              <lineSpacing>0</lineSpacing>
              <selectedIndex>-1</selectedIndex>
            </control>
            <control controlID="18697682-49D1-48FF-92D0-853DDE06A982" controlTypeID="Shape" x="226" y="258" w="109" h="43" zOrder="12">
              <color>4281175280</color>
              <font family="Segoe+UI" displayName="Segoe+UI" postScript="" weightStyle="Regular" weight="400" isBold="False" isItalic="False"/>
              <text>%E8%8E%B7%E5%8F%96%E9%AA%8C%E8%AF%81%E7%A0%81</text>
              <textColor>4294967295</textColor>
              <textSize>14</textSize>
              <useDefaultTextSize>False</useDefaultTextSize>
              <selectedIndex>-1</selectedIndex>
              <radius>5</radius>
            </control>
          </groupChildrenDescriptors>
        </control>
      </groupChildrenDescriptors>
      <aniType>dnFade</aniType>
    </control>
  </controls>
  <param>
    <backgroundColor>4294967295</backgroundColor>
    <fontSize>14</fontSize>
    <fontFamily>Segoe+UI</fontFamily>
    <guideLines/>
  </param>
</mockup>