﻿<mockup version="5.3" minAllowVersion="5.3" ID="67261209-D3CC-40CA-9C85-5E38FCAE98E2" platform="MtWeb" defaultW="1100" defaultH="1120" measureW="1100" measureH="1120" mobileScreenScale="0">
  <controls controlCount="69">
    <control controlID="035F0B16-C217-4EAA-8EEF-AEAD832CD505" controlTypeID="Shape" x="393" y="473" w="56" h="20" zOrder="0">
      <font family="Segoe+UI" displayName="Segoe+UI" postScript="" weightStyle="Regular" weight="400" isBold="False" isItalic="False"/>
      <textSize>14</textSize>
      <selectedIndex>-1</selectedIndex>
    </control>
    <control controlID="C914B86D-D0D1-48C9-B5B7-4E38739A7ECA" controlTypeID="Line" x="0" y="949" w="1099" h="1" zOrder="1">
      <opacity>0.400000005960464</opacity>
      <font family="Segoe+UI" displayName="Segoe+UI" postScript="" weightStyle="Regular" weight="400" isBold="False" isItalic="False"/>
      <textSize>14</textSize>
      <lineSpacing>0</lineSpacing>
      <selectedIndex>-1</selectedIndex>
      <controlPoint>(550,0)</controlPoint>
      <startPoint>(0,0)</startPoint>
      <endPoint>(1099,0)</endPoint>
    </control>
    <control controlID="ABF0DDDA-C84C-46D3-80A1-6C00A643408E" controlTypeID="Image" x="0" y="950" w="1100" h="170" zOrder="2">
      <caption>%E5%BA%95%E9%83%A8%E4%BF%A1%E6%81%AF%E5%92%8C%E4%B8%BB%E9%A1%B5%E4%B8%80%E8%87%B4</caption>
    </control>
    <control controlID="4C9CEE83-0F17-4DD3-9653-0781F8CBB0B7" controlTypeID="Shape" x="194" y="150" w="729" h="720" zOrder="3">
      <font family="Segoe+UI" displayName="Segoe+UI" postScript="" weightStyle="Regular" weight="400" isBold="False" isItalic="False"/>
      <textSize>14</textSize>
      <selectedIndex>-1</selectedIndex>
      <radius>10</radius>
    </control>
    <control controlID="638E74FB-D8BB-4AE3-9744-D049FC47A5A2" controlTypeID="Label" x="526" y="171" w="80" h="26" zOrder="4">
      <font family="Segoe+UI" displayName="Segoe+UI" postScript="" weightStyle="Regular" weight="400" isBold="False" isItalic="False"/>
      <text>%E5%8F%91%E5%B8%83%E5%95%86%E5%93%81</text>
      <textSize>20</textSize>
      <lineSpacing>0</lineSpacing>
      <useDefaultTextSize>False</useDefaultTextSize>
      <selectedIndex>-1</selectedIndex>
    </control>
    <control controlID="D7B55A10-917A-4857-B410-C060F554581E" controlTypeID="Label" x="283" y="255" w="28" h="18" zOrder="5">
      <opacity>0.600000023841858</opacity>
      <font family="Segoe+UI" displayName="Segoe+UI" postScript="" weightStyle="Regular" weight="400" isBold="False" isItalic="False"/>
      <text>%E6%A0%87%E9%A2%98</text>
      <lineSpacing>0</lineSpacing>
      <selectedIndex>-1</selectedIndex>
    </control>
    <control controlID="F1B8B1AB-028E-47C9-855D-C621777C16AE" controlTypeID="TextInput" x="370" y="248" w="267" h="33" zOrder="6">
      <font family="Segoe+UI" displayName="Segoe+UI" postScript="" weightStyle="Regular" weight="400" isBold="False" isItalic="False"/>
      <lineSpacing>0</lineSpacing>
      <selectedIndex>-1</selectedIndex>
      <radius>3</radius>
    </control>
    <control controlID="7957AF5E-92A7-4DB3-B0EF-E44F0BCFA5F2" controlTypeID="Label" x="283" y="318" w="56" h="18" zOrder="7">
      <opacity>0.600000023841858</opacity>
      <font family="Segoe+UI" displayName="Segoe+UI" postScript="" weightStyle="Regular" weight="400" isBold="False" isItalic="False"/>
      <text>%E5%95%86%E5%93%81%E7%AE%80%E4%BB%8B</text>
      <lineSpacing>0</lineSpacing>
      <selectedIndex>-1</selectedIndex>
    </control>
    <control controlID="90210639-53CA-4598-8BC1-CD15FDBF5549" controlTypeID="TextInput" x="370" y="310" w="267" h="74" zOrder="8">
      <font family="Segoe+UI" displayName="Segoe+UI" postScript="" weightStyle="Regular" weight="400" isBold="False" isItalic="False"/>
      <lineSpacing>0</lineSpacing>
      <selectedIndex>-1</selectedIndex>
      <radius>3</radius>
    </control>
    <control controlID="F6888B1A-F21F-49F7-81D6-5837EAE7F094" controlTypeID="Label" x="283" y="415" w="28" h="18" zOrder="9">
      <opacity>0.600000023841858</opacity>
      <font family="Segoe+UI" displayName="Segoe+UI" postScript="" weightStyle="Regular" weight="400" isBold="False" isItalic="False"/>
      <text>%E4%BB%B7%E6%A0%BC</text>
      <lineSpacing>0</lineSpacing>
      <selectedIndex>-1</selectedIndex>
    </control>
    <control controlID="4FFE2CBD-3130-45D1-AD9A-8E4024190C6B" controlTypeID="TextInput" x="370" y="408" w="267" h="33" zOrder="10">
      <font family="Segoe+UI" displayName="Segoe+UI" postScript="" weightStyle="Regular" weight="400" isBold="False" isItalic="False"/>
      <lineSpacing>0</lineSpacing>
      <selectedIndex>-1</selectedIndex>
      <radius>3</radius>
    </control>
    <control controlID="3E0EC6CD-B542-4C33-A11E-0EBC49612F6C" controlTypeID="Label" x="283" y="474" w="56" h="18" zOrder="11">
      <opacity>0.600000023841858</opacity>
      <font family="Segoe+UI" displayName="Segoe+UI" postScript="" weightStyle="Regular" weight="400" isBold="False" isItalic="False"/>
      <text>%E5%95%86%E5%93%81%E5%88%86%E7%B1%BB</text>
      <lineSpacing>0</lineSpacing>
      <selectedIndex>-1</selectedIndex>
    </control>
    <control controlID="DE4B2C51-54BB-4770-B30B-1A4048E3D08E" controlTypeID="Shape" x="370" y="474" w="69" h="18" zOrder="12">
      <color>2633167602</color>
      <font family="Segoe+UI" displayName="Segoe+UI" postScript="" weightStyle="Regular" weight="400" isBold="False" isItalic="False"/>
      <text>%E6%95%B0%E7%A0%81</text>
      <textSize>14</textSize>
      <selectedIndex>-1</selectedIndex>
      <radius>2</radius>
    </control>
    <control controlID="A6054976-6BA7-4A6C-9DFD-731735B71682" controlTypeID="Shape" x="449" y="474" w="69" h="18" zOrder="13">
      <color>2633167602</color>
      <font family="Segoe+UI" displayName="Segoe+UI" postScript="" weightStyle="Regular" weight="400" isBold="False" isItalic="False"/>
      <text>%E5%9B%BE%E4%B9%A6%E6%95%99%E6%9D%90</text>
      <textSize>14</textSize>
      <selectedIndex>-1</selectedIndex>
      <radius>2</radius>
    </control>
    <control controlID="1802C32E-6710-4975-98BF-983A08EBD72B" controlTypeID="Shape" x="529" y="474" w="69" h="18" zOrder="14">
      <color>2633167602</color>
      <font family="Segoe+UI" displayName="Segoe+UI" postScript="" weightStyle="Regular" weight="400" isBold="False" isItalic="False"/>
      <text>%E6%89%8B%E6%9C%BA</text>
      <textSize>14</textSize>
      <selectedIndex>-1</selectedIndex>
      <radius>2</radius>
    </control>
    <control controlID="E8183B2B-4225-4E61-AB2D-A0F1576AA65E" controlTypeID="Shape" x="608" y="475" w="69" h="18" zOrder="15">
      <color>2633167602</color>
      <font family="Segoe+UI" displayName="Segoe+UI" postScript="" weightStyle="Regular" weight="400" isBold="False" isItalic="False"/>
      <text>%E8%A1%A3%E7%89%A9</text>
      <textSize>14</textSize>
      <selectedIndex>-1</selectedIndex>
      <radius>2</radius>
    </control>
    <control controlID="F11D6494-F5AE-4E03-AEFB-06940D2F1998" controlTypeID="Label" x="283" y="538" w="56" h="18" zOrder="16">
      <opacity>0.600000023841858</opacity>
      <font family="Segoe+UI" displayName="Segoe+UI" postScript="" weightStyle="Regular" weight="400" isBold="False" isItalic="False"/>
      <text>%E8%81%94%E7%B3%BB%E6%96%B9%E5%BC%8F</text>
      <lineSpacing>0</lineSpacing>
      <selectedIndex>-1</selectedIndex>
    </control>
    <control controlID="9AD51FAE-9398-43FD-9C2A-9B7D9C7A9A80" controlTypeID="TextInput" x="370" y="531" w="267" h="33" zOrder="17">
      <font family="Segoe+UI" displayName="Segoe+UI" postScript="" weightStyle="Regular" weight="400" isBold="False" isItalic="False"/>
      <textColor>4290559164</textColor>
      <lineSpacing>0</lineSpacing>
      <useDefaultTextSize>False</useDefaultTextSize>
      <selectedIndex>-1</selectedIndex>
      <placeHolder>%E8%AF%B7%E8%BE%93%E5%85%A5%E6%89%8B%E6%9C%BA%E5%8F%B7</placeHolder>
      <radius>3</radius>
    </control>
    <control controlID="F2D0BEF5-9958-43A9-AAB4-574F4F1FD813" controlTypeID="Label" x="283" y="608" w="56" h="18" zOrder="18">
      <opacity>0.600000023841858</opacity>
      <font family="Segoe+UI" displayName="Segoe+UI" postScript="" weightStyle="Regular" weight="400" isBold="False" isItalic="False"/>
      <text>%E4%B8%8A%E4%BC%A0%E5%9B%BE%E7%89%87</text>
      <lineSpacing>0</lineSpacing>
      <selectedIndex>-1</selectedIndex>
    </control>
    <control controlID="B4F3111D-5586-43C4-B3F7-41CF16B42A34" controlTypeID="Shape" x="370" y="618" w="228" h="167" zOrder="19">
      <font family="Segoe+UI" displayName="Segoe+UI" postScript="" weightStyle="Regular" weight="400" isBold="False" isItalic="False"/>
      <textSize>14</textSize>
      <selectedIndex>-1</selectedIndex>
    </control>
    <control controlID="4F2932FC-3E90-4401-A7F0-CAB7FB90E0F0" controlTypeID="Line" x="370" y="654" w="227" h="1" zOrder="20">
      <color>4290559164</color>
      <font family="Segoe+UI" displayName="Segoe+UI" postScript="" weightStyle="Regular" weight="400" isBold="False" isItalic="False"/>
      <textSize>14</textSize>
      <lineSpacing>0</lineSpacing>
      <selectedIndex>-1</selectedIndex>
      <controlPoint>(114,0)</controlPoint>
      <startPoint>(0,0)</startPoint>
      <endPoint>(227,0)</endPoint>
    </control>
    <control controlID="A8BDDEAF-E54D-4A69-AFD2-753978DFA53B" controlTypeID="Label" x="380" y="628" w="126" h="18" zOrder="21">
      <font family="Segoe+UI" displayName="Segoe+UI" postScript="" weightStyle="Regular" weight="400" isBold="False" isItalic="False"/>
      <text>%E9%80%89%E6%8B%A9%E4%BD%A0%E8%A6%81%E4%B8%8A%E4%BC%A0%E7%9A%84%E5%9B%BE%E7%89%87</text>
      <textColor>4284374622</textColor>
      <lineSpacing>0</lineSpacing>
      <selectedIndex>-1</selectedIndex>
    </control>
    <control controlID="93928B24-AF95-4FA0-A132-5DBC0F0F562B" controlTypeID="Image" x="414" y="673" w="141" h="91" zOrder="22"/>
    <control controlID="A406D192-3F4E-476F-AA3A-7E9F22D651D4" controlTypeID="Button" x="755" y="776" w="121" h="49" zOrder="23">
      <font family="Segoe+UI" displayName="Segoe+UI" postScript="" weightStyle="Regular" weight="400" isBold="False" isItalic="False"/>
      <text>%E5%8F%91%E5%B8%83</text>
      <textSize>20</textSize>
      <lineSpacing>0</lineSpacing>
      <useDefaultTextSize>False</useDefaultTextSize>
      <selectedIndex>-1</selectedIndex>
      <radius>4</radius>
    </control>
    <control controlID="70F3D96D-CD66-4876-888B-038AEDA381A3" controlTypeID="Image" x="184" y="25" w="197" h="75" zOrder="24">
      <caption>logo</caption>
    </control>
    <control controlID="E162BEA5-0A88-43FC-85A2-AF1FBA309463" controlTypeID="Shape" x="813" y="41" w="98" h="30" zOrder="25">
      <color>4287090411</color>
      <borderColor>4287090411</borderColor>
      <borderVisible>False</borderVisible>
      <font family="Segoe+UI" displayName="Segoe+UI" postScript="" weightStyle="Regular" weight="400" isBold="False" isItalic="False"/>
      <textSize>14</textSize>
      <selectedIndex>-1</selectedIndex>
      <thickness>5</thickness>
    </control>
    <control controlID="DC708CB7-8D9B-4CE6-8771-FB1A7A06595A" controlTypeID="TextInput" x="446" y="41" w="377" h="30" zOrder="26">
      <borderColor>4287090411</borderColor>
      <font family="Segoe+UI" displayName="Segoe+UI" postScript="" weightStyle="Regular" weight="400" isBold="False" isItalic="False"/>
      <textColor>4286151033</textColor>
      <textSize>11</textSize>
      <lineSpacing>0</lineSpacing>
      <useDefaultTextSize>False</useDefaultTextSize>
      <selectedIndex>-1</selectedIndex>
    </control>
    <control controlID="24BC5877-95A5-4CC4-A8D3-42E39C491F0D" controlTypeID="Shape" x="0" y="0" w="1100" h="20" zOrder="27">
      <font family="Segoe+UI" displayName="Segoe+UI" postScript="" weightStyle="Regular" weight="400" isBold="False" isItalic="False"/>
      <textSize>14</textSize>
      <selectedIndex>-1</selectedIndex>
      <borderMode>[bmTop,bmBottom]</borderMode>
    </control>
    <control controlID="236E9F15-A3A8-4DEF-B50E-B7785B8E950C" controlTypeID="Label" x="847" y="45" w="32" h="21" zOrder="28">
      <font family="Segoe+UI" displayName="Segoe+UI" postScript="" weightStyle="Regular" weight="400" isBold="False" isItalic="False"/>
      <text>%E6%90%9C%E7%B4%A2</text>
      <textSize>16</textSize>
      <lineSpacing>0</lineSpacing>
      <useDefaultTextSize>False</useDefaultTextSize>
      <selectedIndex>-1</selectedIndex>
    </control>
    <control controlID="D87C129E-CFDD-4EB8-A37D-411EE16F5DBE" controlTypeID="Label" x="188" y="2" w="107" h="14" zOrder="29">
      <font family="Segoe+UI" displayName="Segoe+UI" postScript="" weightStyle="Regular" weight="400" isBold="False" isItalic="False"/>
      <text>%E5%96%B5%EF%BC%8C%E6%AC%A2%E8%BF%8E%E6%9D%A5%E5%88%B0%E6%A0%A1%E5%9B%AD%E6%98%93%E8%B4%AD%7E</text>
      <textColor>4286151033</textColor>
      <textSize>10</textSize>
      <lineSpacing>0</lineSpacing>
      <useDefaultTextSize>False</useDefaultTextSize>
      <selectedIndex>-1</selectedIndex>
    </control>
    <control controlID="C449996C-53C5-4E81-B6BB-9B551EBCB89F" controlTypeID="Label" x="305" y="2" w="30" h="13" zOrder="30">
      <states>
        <state propName="TextColor" stateType="state_mouseOver" isChecked="True" value="4278229503" varType="20"/>
      </states>
      <interactiveData>
        <entry title="">
          <area shape="0" alt="" ID="{1C67B805-26DE-4EB4-A605-25336756A88C}" coords="(0,0,30,13)"/>
          <events title="">
            <event eventType="atClick" isChecked="True">
              <behaviour title="" isChecked="True" isWait="False" isLoop="False" execMode="emParallel">
                <target targetID="FDE0A839-ECC2-43EF-91BF-4FE12A0FB69F" isChecked="True" isAutoRecovery="False" isLoop="False" execMode="emSequence">
                  <command name="Popup State Change" isChecked="True" descrition="">
                    <param name="AniInterpolation" value="0" varType="3" description=""/>
                    <param name="AniDuration" value="200" varType="3" description=""/>
                    <param name="AniAutoReverse" value="False" varType="11" description=""/>
                    <param name="AniLoop" value="False" varType="11" description=""/>
                    <param name="AniInterpolationTypeOut" value="False" varType="11" description=""/>
                    <param name="Delay" value="0" varType="3" description=""/>
                    <param name="Value" value="2" varType="3" description=""/>
                    <param name="AniType" value="0" varType="3" description=""/>
                  </command>
                </target>
              </behaviour>
            </event>
          </events>
        </entry>
      </interactiveData>
      <font family="Segoe+UI" displayName="Segoe+UI" postScript="" weightStyle="Regular" weight="400" isBold="False" isItalic="False"/>
      <text>%E8%AF%B7%E7%99%BB%E5%BD%95</text>
      <textColor>4286151033</textColor>
      <textSize>10</textSize>
      <lineSpacing>0</lineSpacing>
      <useDefaultTextSize>False</useDefaultTextSize>
      <selectedIndex>-1</selectedIndex>
    </control>
    <control controlID="68E33917-BA87-4F36-9888-A4ECC06A3D38" controlTypeID="Label" x="350" y="2" w="40" h="13" zOrder="31">
      <states>
        <state propName="TextColor" stateType="state_mouseOver" isChecked="True" value="4278229503" varType="20"/>
      </states>
      <interactiveData>
        <entry title="">
          <area shape="0" alt="" ID="{BB9C8C88-E1B5-402F-BFAD-99E94322AF57}" coords="(0,0,40,13)"/>
          <events title="">
            <event eventType="atClick" isChecked="True">
              <behaviour title="" isChecked="True" isWait="False" isLoop="False" execMode="emParallel">
                <target targetID="87F9F11B-92AA-4FF8-A403-D536286A609D" isChecked="True" isAutoRecovery="False" isLoop="False" execMode="emSequence">
                  <command name="Popup State Change" isChecked="True" descrition="">
                    <param name="AniInterpolation" value="0" varType="3" description=""/>
                    <param name="AniDuration" value="200" varType="3" description=""/>
                    <param name="AniAutoReverse" value="False" varType="11" description=""/>
                    <param name="AniLoop" value="False" varType="11" description=""/>
                    <param name="AniInterpolationTypeOut" value="False" varType="11" description=""/>
                    <param name="Delay" value="0" varType="3" description=""/>
                    <param name="Value" value="2" varType="3" description=""/>
                    <param name="AniType" value="0" varType="3" description=""/>
                  </command>
                </target>
              </behaviour>
            </event>
          </events>
        </entry>
      </interactiveData>
      <font family="Segoe+UI" displayName="Segoe+UI" postScript="" weightStyle="Regular" weight="400" isBold="False" isItalic="False"/>
      <text>%E5%85%8D%E8%B4%B9%E6%B3%A8%E5%86%8C</text>
      <textColor>4286151033</textColor>
      <textSize>10</textSize>
      <lineSpacing>0</lineSpacing>
      <useDefaultTextSize>False</useDefaultTextSize>
      <selectedIndex>-1</selectedIndex>
    </control>
    <control controlID="3C9B0E16-4FAC-4862-B57D-C4A5C2DE4DD1" controlTypeID="Label" x="663" y="2" w="40" h="13" zOrder="32">
      <states>
        <state propName="TextColor" stateType="state_mouseOver" isChecked="True" value="4278229503" varType="20"/>
      </states>
      <links eventType="AtClick" animate="AmNone" animateAutoDelay="0" animateDuration="500">
        <link targetPageID="A1C944E3-E884-459E-BFBF-F1FF4C9C63F1" linkType="ltPageLink" isApplyIncludePage="False" title="%E4%B8%AA%E4%BA%BA%E4%B8%AD%E5%BF%83%E2%80%94%E2%80%94%E6%88%91%E7%9A%84%E5%8F%91%E5%B8%83">
          <area shape="0" alt="" ID="{C6FF30E2-62F8-4366-800A-8438C4005AAE}" coords="(0,0,40,13)"/>
        </link>
      </links>
      <font family="Segoe+UI" displayName="Segoe+UI" postScript="" weightStyle="Regular" weight="400" isBold="False" isItalic="False"/>
      <text>%E4%B8%AA%E4%BA%BA%E4%B8%AD%E5%BF%83</text>
      <textColor>4286151033</textColor>
      <textSize>10</textSize>
      <lineSpacing>0</lineSpacing>
      <useDefaultTextSize>False</useDefaultTextSize>
      <selectedIndex>-1</selectedIndex>
    </control>
    <control controlID="B05D826A-4177-4BE4-81C6-C113A1CA8610" controlTypeID="Label" x="733" y="2" w="40" h="13" zOrder="33">
      <states>
        <state propName="TextColor" stateType="state_mouseOver" isChecked="True" value="4278229503" varType="20"/>
      </states>
      <links eventType="AtClick" animate="AmNone" animateAutoDelay="0" animateDuration="500">
        <link targetPageID="1A1718FD-AB9C-4470-839F-9A7C6778F166" linkType="ltPageLink" isApplyIncludePage="False" title="%E4%B8%AA%E4%BA%BA%E4%B8%AD%E5%BF%83%E2%80%94%E2%80%94%E6%88%91%E7%9A%84%E6%B1%82%E8%B4%AD">
          <area shape="0" alt="" ID="{F8861C4B-CF7E-4109-B63A-A43327726B0F}" coords="(0,0,40,13)"/>
        </link>
      </links>
      <font family="Segoe+UI" displayName="Segoe+UI" postScript="" weightStyle="Regular" weight="400" isBold="False" isItalic="False"/>
      <text>%E6%88%91%E7%9A%84%E6%B1%82%E8%B4%AD</text>
      <textColor>4286151033</textColor>
      <textSize>10</textSize>
      <lineSpacing>0</lineSpacing>
      <useDefaultTextSize>False</useDefaultTextSize>
      <selectedIndex>-1</selectedIndex>
    </control>
    <control controlID="1A4CB969-EE7C-4095-A70A-00E66B00968B" controlTypeID="Label" x="802" y="2" w="40" h="13" zOrder="34">
      <states>
        <state propName="TextColor" stateType="state_mouseOver" isChecked="True" value="4278229503" varType="20"/>
      </states>
      <links eventType="AtClick" animate="AmNone" animateAutoDelay="0" animateDuration="500">
        <link targetPageID="EF1C3BF4-9892-4D78-A9BF-9ACC0EE7501B" linkType="ltPageLink" isApplyIncludePage="False" title="%E4%B8%AA%E4%BA%BA%E4%B8%AD%E5%BF%83%E2%80%94%E2%80%94%E6%88%91%E7%9A%84%E6%94%B6%E8%97%8F">
          <area shape="0" alt="" ID="{ADAED4E1-F406-49BF-A360-9D3AA5AAAA2A}" coords="(0,0,40,13)"/>
        </link>
      </links>
      <font family="Segoe+UI" displayName="Segoe+UI" postScript="" weightStyle="Regular" weight="400" isBold="False" isItalic="False"/>
      <text>%E6%88%91%E7%9A%84%E6%94%B6%E8%97%8F</text>
      <textColor>4286151033</textColor>
      <textSize>10</textSize>
      <lineSpacing>0</lineSpacing>
      <useDefaultTextSize>False</useDefaultTextSize>
      <selectedIndex>-1</selectedIndex>
    </control>
    <control controlID="9C791E65-9735-4B8E-9F45-3DDD55BA24A5" controlTypeID="Label" x="871" y="2" w="40" h="13" zOrder="35">
      <states>
        <state propName="TextColor" stateType="state_mouseOver" isChecked="True" value="4278229503" varType="20"/>
      </states>
      <links eventType="AtClick" animate="AmNone" animateAutoDelay="0" animateDuration="500">
        <link targetPageID="61CCA56E-892B-439F-8476-01629D18DD8A" linkType="ltPageLink" isApplyIncludePage="False" title="%E4%B8%AA%E4%BA%BA%E4%B8%AD%E5%BF%83%E2%80%94%E2%80%94%E6%88%91%E7%9A%84%E8%AE%A2%E5%8D%95">
          <area shape="0" alt="" ID="{DCCD1DB3-31B4-414B-91FB-E5C5AEA3951F}" coords="(0,0,40,13)"/>
        </link>
      </links>
      <font family="Segoe+UI" displayName="Segoe+UI" postScript="" weightStyle="Regular" weight="400" isBold="False" isItalic="False"/>
      <text>%E6%88%91%E7%9A%84%E8%AE%A2%E5%8D%95</text>
      <textColor>4286151033</textColor>
      <textSize>10</textSize>
      <lineSpacing>0</lineSpacing>
      <useDefaultTextSize>False</useDefaultTextSize>
      <selectedIndex>-1</selectedIndex>
    </control>
    <control controlID="D167A5D9-7B84-43BC-B654-49A78529037C" controlTypeID="Line" x="0" y="110" w="1099" h="1" zOrder="36">
      <font family="Segoe+UI" displayName="Segoe+UI" postScript="" weightStyle="Regular" weight="400" isBold="False" isItalic="False"/>
      <textSize>14</textSize>
      <lineSpacing>0</lineSpacing>
      <selectedIndex>-1</selectedIndex>
      <controlPoint>(550,0)</controlPoint>
      <startPoint>(0,0)</startPoint>
      <endPoint>(1099,0)</endPoint>
    </control>
    <control controlID="AB15898A-285F-4309-BC57-5895A8F33D5A" controlTypeID="Label" x="940" y="2" w="40" h="13" zOrder="37">
      <states>
        <state propName="TextColor" stateType="state_mouseOver" isChecked="True" value="4278229503" varType="20"/>
      </states>
      <links eventType="AtClick" animate="AmNone" animateAutoDelay="0" animateDuration="500">
        <link targetPageID="EDE0E2B2-27B4-41CE-A002-F1851339F69C" linkType="ltPageLink" isApplyIncludePage="False" title="%E5%8F%91%E5%B8%83%E6%B1%82%E8%B4%AD">
          <area shape="0" alt="" ID="{DCCD1DB3-31B4-414B-91FB-E5C5AEA3951F}" coords="(0,0,40,13)"/>
        </link>
      </links>
      <font family="Segoe+UI" displayName="Segoe+UI" postScript="" weightStyle="Regular" weight="400" isBold="False" isItalic="False"/>
      <text>%E6%B1%82%E8%B4%AD%E5%95%86%E5%93%81</text>
      <textColor>4286151033</textColor>
      <textSize>10</textSize>
      <lineSpacing>0</lineSpacing>
      <useDefaultTextSize>False</useDefaultTextSize>
      <selectedIndex>-1</selectedIndex>
    </control>
    <control controlID="558C78E3-753E-475B-83A9-31857E903419" controlTypeID="Label" x="1009" y="2" w="40" h="13" zOrder="38">
      <states>
        <state propName="TextColor" stateType="state_mouseOver" isChecked="True" value="4278229503" varType="20"/>
      </states>
      <links eventType="AtClick" animate="AmNone" animateAutoDelay="0" animateDuration="500">
        <link targetPageID="67261209-D3CC-40CA-9C85-5E38FCAE98E2" linkType="ltPageLink" isApplyIncludePage="False" title="%E5%8D%96%E5%AE%B6%E5%A1%AB%E5%85%A5%E5%95%86%E5%93%81%E4%BF%A1%E6%81%AF%E7%95%8C%E9%9D%A2">
          <area shape="0" alt="" ID="{DCCD1DB3-31B4-414B-91FB-E5C5AEA3951F}" coords="(0,0,40,13)"/>
        </link>
      </links>
      <font family="Segoe+UI" displayName="Segoe+UI" postScript="" weightStyle="Regular" weight="400" isBold="False" isItalic="False"/>
      <text>%E5%8F%91%E5%B8%83%E5%95%86%E5%93%81</text>
      <textColor>4286151033</textColor>
      <textSize>10</textSize>
      <lineSpacing>0</lineSpacing>
      <useDefaultTextSize>False</useDefaultTextSize>
      <selectedIndex>-1</selectedIndex>
    </control>
    <control controlID="FDE0A839-ECC2-43EF-91BF-4FE12A0FB69F" controlTypeID="PopupPanel" x="20" y="30" w="46" h="46" zOrder="39">
      <groupChildrenDescriptors>
        <control controlID="DCDA120B-2C82-4DC9-BB56-6924F6363314" controlTypeID="Panel" x="0" y="0" w="1100" h="1120" zOrder="0">
          <locked>True</locked>
          <color>1879048192</color>
          <borderVisible>False</borderVisible>
          <canMove>False</canMove>
          <alias>background</alias>
          <groupChildrenDescriptors>
            <control controlID="A957174D-800D-4DA2-A444-B29856CC453E" controlTypeID="Border" x="0" y="0" w="1100" h="1120" zOrder="0">
              <borderVisible>False</borderVisible>
              <alias>borderLayer</alias>
            </control>
          </groupChildrenDescriptors>
          <thinkness>1</thinkness>
        </control>
        <control controlID="1197301E-EF8D-46A6-9C2F-5557D8028E7B" controlTypeID="PopupPanelContent" x="343" y="162" w="379" h="367" zOrder="1">
          <color>16777215</color>
          <alias>content</alias>
          <groupChildrenDescriptors>
            <control controlID="07993FD5-6F83-43C0-A3A0-0D5ADD9623A9" controlTypeID="TextArea" x="0" y="0" w="379" h="367" zOrder="0">
              <color>4294967295</color>
              <borderColor>4278190080</borderColor>
              <borderVisible>True</borderVisible>
              <font family="%E5%BE%AE%E8%BD%AF%E9%9B%85%E9%BB%91" displayName="%E5%BE%AE%E8%BD%AF%E9%9B%85%E9%BB%91" postScript="" weightStyle="Regular" weight="400" isBold="False" isItalic="False" useDefaultFontFamily="False"/>
              <selectedIndex>-1</selectedIndex>
            </control>
            <control controlID="38C8382F-380F-490B-93CF-07E62C03200E" controlTypeID="Label" x="39" y="45" w="80" h="26" zOrder="1">
              <links eventType="AtClick" animate="AmNone" animateAutoDelay="0" animateDuration="500">
                <link targetPageID="11880DA6-F11E-4B12-A7C4-CC5810EE0894" linkType="ltPageLink" isApplyIncludePage="False" title="%E7%99%BB%E5%BD%95">
                  <area shape="0" alt="" ID="{C6971F6E-60C3-40F3-AE2D-950FB953E0EC}" coords="(0,0,80,26)"/>
                </link>
              </links>
              <font family="Segoe+UI" displayName="Segoe+UI" postScript="" weightStyle="Regular" weight="400" isBold="False" isItalic="False"/>
              <text>%E6%89%8B%E6%9C%BA%E7%99%BB%E5%BD%95</text>
              <textSize>20</textSize>
              <lineSpacing>0</lineSpacing>
              <useDefaultTextSize>False</useDefaultTextSize>
              <selectedIndex>-1</selectedIndex>
            </control>
            <control controlID="39E77CE9-0073-48E9-9BD7-4C0D3A580026" controlTypeID="Label" x="147" y="45" w="80" h="26" zOrder="2">
              <opacity>0.5</opacity>
              <links eventType="AtClick" animate="AmNone" animateAutoDelay="0" animateDuration="500">
                <link targetPageID="3F9238B6-9656-4BB7-8BD5-419EE3370727" linkType="ltPageLink" isApplyIncludePage="False" title="%E7%9F%AD%E6%81%AF%E7%99%BB%E5%BD%95">
                  <area shape="0" alt="" ID="{DD4B7E9F-1E09-4E0C-B8DD-3BFE6C9B6D4E}" coords="(0,0,80,26)"/>
                </link>
              </links>
              <font family="Segoe+UI" displayName="Segoe+UI" postScript="" weightStyle="Regular" weight="400" isBold="False" isItalic="False"/>
              <text>%E7%9F%AD%E4%BF%A1%E7%99%BB%E9%99%86</text>
              <textSize>20</textSize>
              <lineSpacing>0</lineSpacing>
              <useDefaultTextSize>False</useDefaultTextSize>
              <selectedIndex>-1</selectedIndex>
            </control>
            <control controlID="D83D9886-25F0-4327-80DA-C69DD813C6A2" controlTypeID="Label" x="255" y="45" w="80" h="26" zOrder="3">
              <opacity>0.5</opacity>
              <links eventType="AtClick" animate="AmNone" animateAutoDelay="0" animateDuration="500">
                <link targetPageID="9DCC9335-8024-4385-B46E-1195C6B44A4A" linkType="ltPageLink" isApplyIncludePage="False" title="%E9%82%AE%E7%AE%B1%E7%99%BB%E5%BD%95">
                  <area shape="0" alt="" ID="{3B939549-F163-4C47-BDA9-67A2062BC423}" coords="(0,0,80,26)"/>
                </link>
              </links>
              <font family="Segoe+UI" displayName="Segoe+UI" postScript="" weightStyle="Regular" weight="400" isBold="False" isItalic="False"/>
              <text>%E9%82%AE%E7%AE%B1%E7%99%BB%E5%BD%95</text>
              <textSize>20</textSize>
              <lineSpacing>0</lineSpacing>
              <useDefaultTextSize>False</useDefaultTextSize>
              <selectedIndex>-1</selectedIndex>
            </control>
            <control controlID="633DC3A2-0BDB-4767-8458-479399375808" controlTypeID="RedX" x="13" y="15" w="17" h="17" zOrder="4"/>
            <control controlID="9EDF366A-9C91-46C8-AC80-C5A7A3C6FDB6" controlTypeID="TextInput" x="39" y="118" w="296" h="43" zOrder="5">
              <font family="Segoe+UI" displayName="Segoe+UI" postScript="" weightStyle="Regular" weight="400" isBold="False" isItalic="False"/>
              <lineSpacing>0</lineSpacing>
              <selectedIndex>-1</selectedIndex>
              <placeHolder>%E8%BE%93%E5%85%A5%E6%89%8B%E6%9C%BA%E5%8F%B7</placeHolder>
              <radius>5</radius>
            </control>
            <control controlID="B7EE7DD9-A3D5-4811-B873-0C03066A0F55" controlTypeID="TextInput" x="39" y="188" w="296" h="43" zOrder="6">
              <font family="Segoe+UI" displayName="Segoe+UI" postScript="" weightStyle="Regular" weight="400" isBold="False" isItalic="False"/>
              <lineSpacing>0</lineSpacing>
              <selectedIndex>-1</selectedIndex>
              <placeHolder>%E8%BE%93%E5%85%A5%E5%AF%86%E7%A0%81</placeHolder>
              <radius>5</radius>
            </control>
            <control controlID="39F1A9E8-9CD0-40F2-A0D0-209F045E48F9" controlTypeID="Shape" x="39" y="290" w="296" h="43" zOrder="7">
              <color>4281175280</color>
              <font family="Segoe+UI" displayName="Segoe+UI" postScript="" weightStyle="Regular" weight="400" isBold="False" isItalic="False"/>
              <text>%E7%99%BB%E5%BD%95</text>
              <textColor>4294967295</textColor>
              <textSize>14</textSize>
              <useDefaultTextSize>False</useDefaultTextSize>
              <selectedIndex>-1</selectedIndex>
              <radius>5</radius>
            </control>
            <control controlID="40666DC2-DBA3-41F3-85BC-7B5AEE3A0D58" controlTypeID="Label" x="293" y="254" w="42" h="18" zOrder="8">
              <links eventType="AtClick" animate="AmNone" animateAutoDelay="0" animateDuration="500">
                <link targetPageID="12E71447-7923-45BB-8B9E-8750F88695AE" linkType="ltPageLink" isApplyIncludePage="False" title="%E6%89%8B%E6%9C%BA%E6%B3%A8%E5%86%8C">
                  <area shape="0" alt="" ID="{6F6C6177-9760-45B5-9751-0AA79C72CDB9}" coords="(0,0,42,18)"/>
                </link>
              </links>
              <font family="Segoe+UI" displayName="Segoe+UI" postScript="" weightStyle="Regular" weight="400" isBold="False" isItalic="False"/>
              <text>%E5%8E%BB%E6%B3%A8%E5%86%8C</text>
              <lineSpacing>0</lineSpacing>
              <selectedIndex>-1</selectedIndex>
            </control>
          </groupChildrenDescriptors>
        </control>
      </groupChildrenDescriptors>
      <aniType>dnFade</aniType>
    </control>
    <control controlID="87F9F11B-92AA-4FF8-A403-D536286A609D" controlTypeID="PopupPanel" x="93" y="30" w="46" h="46" zOrder="40">
      <groupChildrenDescriptors>
        <control controlID="5176786C-A3FF-42F2-A544-AC9821FBEF00" controlTypeID="Panel" x="0" y="0" w="1100" h="1120" zOrder="0">
          <locked>True</locked>
          <color>1879048192</color>
          <borderVisible>False</borderVisible>
          <canMove>False</canMove>
          <alias>background</alias>
          <groupChildrenDescriptors>
            <control controlID="0DA791A9-8223-495F-B9E5-F9ACB78DCF15" controlTypeID="Border" x="0" y="0" w="1100" h="1120" zOrder="0">
              <borderVisible>False</borderVisible>
              <alias>borderLayer</alias>
            </control>
          </groupChildrenDescriptors>
          <thinkness>1</thinkness>
        </control>
        <control controlID="99145764-F9CE-4901-B7EF-7CD1DC344BA9" controlTypeID="PopupPanelContent" x="360" y="148" w="379" h="433" zOrder="1">
          <color>16777215</color>
          <alias>content</alias>
          <groupChildrenDescriptors>
            <control controlID="C0B6D366-528A-487E-BA55-3C348A78E992" controlTypeID="TextArea" x="0" y="0" w="379" h="433" zOrder="0">
              <color>4294967295</color>
              <borderColor>4278190080</borderColor>
              <borderVisible>True</borderVisible>
              <font family="%E5%BE%AE%E8%BD%AF%E9%9B%85%E9%BB%91" displayName="%E5%BE%AE%E8%BD%AF%E9%9B%85%E9%BB%91" postScript="" weightStyle="Regular" weight="400" isBold="False" isItalic="False" useDefaultFontFamily="False"/>
              <selectedIndex>-1</selectedIndex>
            </control>
            <control controlID="4F7FD425-8C22-4F6F-9BCC-D0DEF9A28B73" controlTypeID="Label" x="74" y="44" w="96" h="31" zOrder="1">
              <font family="Segoe+UI" displayName="Segoe+UI" postScript="" weightStyle="Regular" weight="400" isBold="False" isItalic="False"/>
              <text>%E6%89%8B%E6%9C%BA%E6%B3%A8%E5%86%8C</text>
              <textSize>24</textSize>
              <lineSpacing>0</lineSpacing>
              <useDefaultTextSize>False</useDefaultTextSize>
              <selectedIndex>-1</selectedIndex>
            </control>
            <control controlID="EE5376A8-F246-473F-A73B-F70983169F88" controlTypeID="RedX" x="13" y="15" w="17" h="17" zOrder="2"/>
            <control controlID="416F56A0-D4A1-4863-A889-7F7B65ECC24B" controlTypeID="Shape" x="39" y="118" w="296" h="43" zOrder="3">
              <color>4294111986</color>
              <font family="Segoe+UI" displayName="Segoe+UI" postScript="" weightStyle="Regular" weight="400" isBold="False" isItalic="False" useDefaultFontFamily="False"/>
              <textSize>14</textSize>
              <selectedIndex>-1</selectedIndex>
              <radius>5</radius>
            </control>
            <control controlID="D0619C37-E168-4CA7-81C4-36802892D1AD" controlTypeID="Shape" x="39" y="188" w="296" h="43" zOrder="4">
              <color>4294111986</color>
              <font family="Segoe+UI" displayName="Segoe+UI" postScript="" weightStyle="Regular" weight="400" isBold="False" isItalic="False" useDefaultFontFamily="False"/>
              <textSize>14</textSize>
              <selectedIndex>-1</selectedIndex>
              <radius>5</radius>
            </control>
            <control controlID="4325CAB9-FE03-4DA3-A9EE-B5A62C9D9032" controlTypeID="Label" x="54" y="201" w="56" h="18" zOrder="5">
              <color>15000804</color>
              <opacity>0.5</opacity>
              <font family="Segoe+UI" displayName="Segoe+UI" postScript="" weightStyle="Regular" weight="400" isBold="False" isItalic="False"/>
              <text>%E8%BE%93%E5%85%A5%E5%AF%86%E7%A0%81</text>
              <lineSpacing>0</lineSpacing>
              <selectedIndex>-1</selectedIndex>
            </control>
            <control controlID="23FB2457-50F2-4F14-AECA-E1DC9F9C6728" controlTypeID="Label" x="54" y="131" w="70" h="18" zOrder="6">
              <states>
                <state propName="Text" stateType="state_mouseOver" isChecked="True" value="%E8%BE%93%E5%85%A5%E6%89%8B%E6%9C%BA%E5%8F%B7" varType="256"/>
              </states>
              <color>4294111986</color>
              <opacity>0.5</opacity>
              <font family="Segoe+UI" displayName="Segoe+UI" postScript="" weightStyle="Regular" weight="400" isBold="False" isItalic="False"/>
              <text>%E8%BE%93%E5%85%A5%E6%89%8B%E6%9C%BA%E5%8F%B7</text>
              <lineSpacing>0</lineSpacing>
              <selectedIndex>-1</selectedIndex>
            </control>
            <control controlID="801CF5B0-0293-4612-8331-F1241A5321C3" controlTypeID="Label" x="293" y="315" w="42" h="18" zOrder="7">
              <font family="Segoe+UI" displayName="Segoe+UI" postScript="" weightStyle="Regular" weight="400" isBold="False" isItalic="False"/>
              <text>%E5%8E%BB%E7%99%BB%E9%99%86</text>
              <lineSpacing>0</lineSpacing>
              <selectedIndex>-1</selectedIndex>
            </control>
            <control controlID="E6702433-5841-45A3-8204-6DE307E3301B" controlTypeID="Shape" x="39" y="349" w="296" h="43" zOrder="8">
              <color>4281175280</color>
              <font family="Segoe+UI" displayName="Segoe+UI" postScript="" weightStyle="Regular" weight="400" isBold="False" isItalic="False"/>
              <text>%E6%B3%A8%E5%86%8C</text>
              <textColor>4294967295</textColor>
              <textSize>14</textSize>
              <useDefaultTextSize>False</useDefaultTextSize>
              <selectedIndex>-1</selectedIndex>
              <radius>5</radius>
            </control>
            <control controlID="2F064814-F1DB-4170-8DB4-41847329019D" controlTypeID="Label" x="202" y="44" w="96" h="31" zOrder="9">
              <opacity>0.5</opacity>
              <links eventType="AtClick" animate="AmNone" animateAutoDelay="0" animateDuration="500">
                <link targetPageID="F9F61EF6-8EDE-4B08-A471-F09997320174" linkType="ltPageLink" isApplyIncludePage="False" title="%E9%82%AE%E7%AE%B1%E6%B3%A8%E5%86%8C">
                  <area shape="0" alt="" ID="{4ADDC1C9-AB5E-4478-BF93-74296016F45D}" coords="(0,0,96,31)"/>
                </link>
              </links>
              <font family="Segoe+UI" displayName="Segoe+UI" postScript="" weightStyle="Regular" weight="400" isBold="False" isItalic="False"/>
              <text>%E9%82%AE%E7%AE%B1%E6%B3%A8%E5%86%8C</text>
              <textSize>24</textSize>
              <lineSpacing>0</lineSpacing>
              <useDefaultTextSize>False</useDefaultTextSize>
              <selectedIndex>-1</selectedIndex>
            </control>
            <control controlID="AF0FF65C-04D3-479B-8940-8E94F66BE094" controlTypeID="Shape" x="39" y="258" w="296" h="43" zOrder="10">
              <color>4294111986</color>
              <font family="Segoe+UI" displayName="Segoe+UI" postScript="" weightStyle="Regular" weight="400" isBold="False" isItalic="False" useDefaultFontFamily="False"/>
              <textSize>14</textSize>
              <selectedIndex>-1</selectedIndex>
              <radius>5</radius>
            </control>
            <control controlID="16E6DD00-5B11-43D6-910C-23259015D2E5" controlTypeID="Label" x="54" y="271" w="70" h="18" zOrder="11">
              <color>15000804</color>
              <opacity>0.5</opacity>
              <font family="Segoe+UI" displayName="Segoe+UI" postScript="" weightStyle="Regular" weight="400" isBold="False" isItalic="False"/>
              <text>%E8%BE%93%E5%85%A5%E9%AA%8C%E8%AF%81%E7%A0%81</text>
              <lineSpacing>0</lineSpacing>
              <selectedIndex>-1</selectedIndex>
            </control>
            <control controlID="E204C60F-C774-40AA-9D2C-A452BFB0CC44" controlTypeID="Shape" x="226" y="258" w="109" h="43" zOrder="12">
              <color>4281175280</color>
              <font family="Segoe+UI" displayName="Segoe+UI" postScript="" weightStyle="Regular" weight="400" isBold="False" isItalic="False"/>
              <text>%E8%8E%B7%E5%8F%96%E9%AA%8C%E8%AF%81%E7%A0%81</text>
              <textColor>4294967295</textColor>
              <textSize>14</textSize>
              <useDefaultTextSize>False</useDefaultTextSize>
              <selectedIndex>-1</selectedIndex>
              <radius>5</radius>
            </control>
          </groupChildrenDescriptors>
        </control>
      </groupChildrenDescriptors>
      <aniType>dnFade</aniType>
    </control>
  </controls>
  <param>
    <backgroundColor>4294111986</backgroundColor>
    <fontSize>14</fontSize>
    <fontFamily>Segoe+UI</fontFamily>
    <guideLines/>
  </param>
</mockup>