﻿<mockup version="5.3" minAllowVersion="5.3" ID="D934B2EA-7DCF-4571-A66D-40501A0FD371" platform="MtWeb" defaultW="1100" defaultH="1120" measureW="1100" measureH="1120" mobileScreenScale="0">
  <controls controlCount="22">
    <control controlID="91FBC117-7747-486E-989E-51EA3C535147" controlTypeID="Line" x="0" y="70" w="1099" h="1" zOrder="0">
      <font family="Segoe+UI" displayName="Segoe+UI" postScript="" weightStyle="Regular" weight="400" isBold="False" isItalic="False"/>
      <textSize>14</textSize>
      <lineSpacing>0</lineSpacing>
      <selectedIndex>-1</selectedIndex>
      <controlPoint>(550,0)</controlPoint>
      <startPoint>(0,0)</startPoint>
      <endPoint>(1099,0)</endPoint>
    </control>
    <control controlID="855A98D5-2560-4B02-A6F1-44915DE2B5F8" controlTypeID="Shape" x="75" y="119" w="155" h="410" zOrder="1">
      <color>4294111986</color>
      <borderVisible>False</borderVisible>
      <font family="Segoe+UI" displayName="Segoe+UI" postScript="" weightStyle="Regular" weight="400" isBold="False" isItalic="False"/>
      <textSize>14</textSize>
      <selectedIndex>-1</selectedIndex>
    </control>
    <control controlID="FE0C6875-B194-470E-863A-76AEA9E0CB60" controlTypeID="Label" x="99" y="136" w="72" h="23" zOrder="2">
      <font family="Segoe+UI" displayName="Segoe+UI+Bold" postScript="" weightStyle="Bold" weight="700" isBold="True" isItalic="False"/>
      <text>%E4%B8%AA%E4%BA%BA%E4%B8%AD%E5%BF%83</text>
      <textSize>18</textSize>
      <lineSpacing>0</lineSpacing>
      <textStyles>[fsBold]</textStyles>
      <useDefaultTextSize>False</useDefaultTextSize>
      <selectedIndex>-1</selectedIndex>
    </control>
    <control controlID="58FFAE30-D350-4F78-9EF5-F1A809E2140E" controlTypeID="Line" x="91" y="175" w="105" h="1" zOrder="3">
      <opacity>0.200000002980232</opacity>
      <font family="Segoe+UI" displayName="Segoe+UI" postScript="" weightStyle="Regular" weight="400" isBold="False" isItalic="False"/>
      <textSize>14</textSize>
      <lineSpacing>0</lineSpacing>
      <selectedIndex>-1</selectedIndex>
      <controlPoint>(52,0)</controlPoint>
      <startPoint>(0,0)</startPoint>
      <endPoint>(105,0)</endPoint>
    </control>
    <control controlID="E26FEC10-7511-4FF9-B00A-21C58F3C9521" controlTypeID="Label" x="99" y="194" w="64" h="21" zOrder="4">
      <opacity>0.699999988079071</opacity>
      <font family="Segoe+UI" displayName="Segoe+UI" postScript="" weightStyle="Regular" weight="400" isBold="False" isItalic="False"/>
      <text>%E6%88%91%E7%9A%84%E5%8F%91%E5%B8%83</text>
      <textSize>16</textSize>
      <lineSpacing>0</lineSpacing>
      <useDefaultTextSize>False</useDefaultTextSize>
      <selectedIndex>-1</selectedIndex>
    </control>
    <control controlID="CB088CF8-08EC-4734-8006-F8494D9ED2A2" controlTypeID="Label" x="99" y="241" w="64" h="21" zOrder="5">
      <opacity>0.699999988079071</opacity>
      <font family="Segoe+UI" displayName="Segoe+UI" postScript="" weightStyle="Regular" weight="400" isBold="False" isItalic="False"/>
      <text>%E6%88%91%E7%9A%84%E6%B1%82%E8%B4%AD</text>
      <textSize>16</textSize>
      <lineSpacing>0</lineSpacing>
      <useDefaultTextSize>False</useDefaultTextSize>
      <selectedIndex>-1</selectedIndex>
    </control>
    <control controlID="05187D00-83CD-4DEA-8B33-017BF0E01EE1" controlTypeID="Label" x="99" y="288" w="64" h="21" zOrder="6">
      <opacity>0.699999988079071</opacity>
      <font family="Segoe+UI" displayName="Segoe+UI" postScript="" weightStyle="Regular" weight="400" isBold="False" isItalic="False"/>
      <text>%E6%88%91%E7%9A%84%E6%94%B6%E8%97%8F</text>
      <textSize>16</textSize>
      <lineSpacing>0</lineSpacing>
      <useDefaultTextSize>False</useDefaultTextSize>
      <selectedIndex>-1</selectedIndex>
    </control>
    <control controlID="454F0C4C-F458-4473-8F47-FC370E212C7B" controlTypeID="Label" x="99" y="335" w="64" h="21" zOrder="7">
      <opacity>0.699999988079071</opacity>
      <font family="Segoe+UI" displayName="Segoe+UI" postScript="" weightStyle="Regular" weight="400" isBold="False" isItalic="False"/>
      <text>%E6%88%91%E7%9A%84%E8%AE%A2%E5%8D%95</text>
      <textSize>16</textSize>
      <lineSpacing>0</lineSpacing>
      <useDefaultTextSize>False</useDefaultTextSize>
      <selectedIndex>-1</selectedIndex>
    </control>
    <control controlID="EAD08BDE-B8A1-4E02-A227-7E09D10E0BEB" controlTypeID="Line" x="92" y="383" w="105" h="1" zOrder="8">
      <opacity>0.200000002980232</opacity>
      <font family="Segoe+UI" displayName="Segoe+UI" postScript="" weightStyle="Regular" weight="400" isBold="False" isItalic="False"/>
      <textSize>14</textSize>
      <lineSpacing>0</lineSpacing>
      <selectedIndex>-1</selectedIndex>
      <controlPoint>(52,0)</controlPoint>
      <startPoint>(0,0)</startPoint>
      <endPoint>(105,0)</endPoint>
    </control>
    <control controlID="DCED013B-A145-4837-94BD-57EAF78DE1B8" controlTypeID="Label" x="99" y="399" w="72" h="23" zOrder="9">
      <font family="Segoe+UI" displayName="Segoe+UI+Bold" postScript="" weightStyle="Bold" weight="700" isBold="True" isItalic="False"/>
      <text>%E8%B4%A6%E6%88%B7%E8%AE%BE%E7%BD%AE</text>
      <textSize>18</textSize>
      <lineSpacing>0</lineSpacing>
      <textStyles>[fsBold]</textStyles>
      <useDefaultTextSize>False</useDefaultTextSize>
      <selectedIndex>-1</selectedIndex>
    </control>
    <control controlID="46FDAFC7-2B11-4B14-B8B4-3460EA1E6267" controlTypeID="Line" x="92" y="436" w="105" h="1" zOrder="10">
      <opacity>0.200000002980232</opacity>
      <font family="Segoe+UI" displayName="Segoe+UI" postScript="" weightStyle="Regular" weight="400" isBold="False" isItalic="False"/>
      <textSize>14</textSize>
      <lineSpacing>0</lineSpacing>
      <selectedIndex>-1</selectedIndex>
      <controlPoint>(52,0)</controlPoint>
      <startPoint>(0,0)</startPoint>
      <endPoint>(105,0)</endPoint>
    </control>
    <control controlID="AAD3B166-D87C-46B9-86B8-EDC2EA8C57B7" controlTypeID="Label" x="103" y="452" w="64" h="21" zOrder="11">
      <opacity>0.699999988079071</opacity>
      <font family="Segoe+UI" displayName="Segoe+UI" postScript="" weightStyle="Regular" weight="400" isBold="False" isItalic="False"/>
      <text>%E4%B8%AA%E4%BA%BA%E8%B5%84%E6%96%99</text>
      <textSize>16</textSize>
      <lineSpacing>0</lineSpacing>
      <useDefaultTextSize>False</useDefaultTextSize>
      <selectedIndex>-1</selectedIndex>
    </control>
    <control controlID="918F273E-2EF5-48D0-9561-621166006F1D" controlTypeID="Label" x="103" y="491" w="64" h="21" zOrder="12">
      <opacity>0.699999988079071</opacity>
      <font family="Segoe+UI" displayName="Segoe+UI" postScript="" weightStyle="Regular" weight="400" isBold="False" isItalic="False"/>
      <text>%E5%AF%86%E7%A0%81%E8%AE%BE%E7%BD%AE</text>
      <textSize>16</textSize>
      <lineSpacing>0</lineSpacing>
      <useDefaultTextSize>False</useDefaultTextSize>
      <selectedIndex>-1</selectedIndex>
    </control>
    <control controlID="97E7943D-76BA-4DF1-8DFC-4F793C90AB26" controlTypeID="Label" x="262" y="124" w="64" h="21" zOrder="13">
      <opacity>0.699999988079071</opacity>
      <font family="Segoe+UI" displayName="Segoe+UI" postScript="" weightStyle="Regular" weight="400" isBold="False" isItalic="False"/>
      <text>%E5%AF%86%E7%A0%81%E8%AE%BE%E7%BD%AE</text>
      <textSize>16</textSize>
      <lineSpacing>0</lineSpacing>
      <useDefaultTextSize>False</useDefaultTextSize>
      <selectedIndex>-1</selectedIndex>
    </control>
    <control controlID="3EE46476-C9C5-49F7-9EFE-8726B53193C4" controlTypeID="Line" x="257" y="158" w="689" h="1" zOrder="14">
      <opacity>0.200000002980232</opacity>
      <font family="Segoe+UI" displayName="Segoe+UI" postScript="" weightStyle="Regular" weight="400" isBold="False" isItalic="False"/>
      <textSize>14</textSize>
      <lineSpacing>0</lineSpacing>
      <selectedIndex>-1</selectedIndex>
      <controlPoint>(344,0)</controlPoint>
      <startPoint>(0,0)</startPoint>
      <endPoint>(689,0)</endPoint>
    </control>
    <control controlID="A4F64EB3-3225-41D5-AA04-934E32B84222" controlTypeID="Label" x="320" y="194" w="80" h="26" zOrder="15">
      <font family="Segoe+UI" displayName="Segoe+UI" postScript="" weightStyle="Regular" weight="400" isBold="False" isItalic="False"/>
      <text>%E8%BE%93%E5%85%A5%E5%AF%86%E7%A0%81</text>
      <textSize>20</textSize>
      <lineSpacing>0</lineSpacing>
      <useDefaultTextSize>False</useDefaultTextSize>
      <selectedIndex>-1</selectedIndex>
    </control>
    <control controlID="AC78AB98-E8AA-4A3D-B8A3-875AA5D07FBE" controlTypeID="Label" x="320" y="252" w="80" h="26" zOrder="16">
      <font family="Segoe+UI" displayName="Segoe+UI" postScript="" weightStyle="Regular" weight="400" isBold="False" isItalic="False"/>
      <text>%E7%A1%AE%E8%AE%A4%E5%AF%86%E7%A0%81</text>
      <textSize>20</textSize>
      <lineSpacing>0</lineSpacing>
      <useDefaultTextSize>False</useDefaultTextSize>
      <selectedIndex>-1</selectedIndex>
    </control>
    <control controlID="818606A4-65B0-4234-9F11-B778E19F0D01" controlTypeID="TextInput" x="426" y="196" w="163" h="24" zOrder="17">
      <font family="Segoe+UI" displayName="Segoe+UI" postScript="" weightStyle="Regular" weight="400" isBold="False" isItalic="False"/>
      <lineSpacing>0</lineSpacing>
      <selectedIndex>-1</selectedIndex>
      <radius>2</radius>
    </control>
    <control controlID="8E841601-7A93-4CBE-801C-1D09F6EE9EA4" controlTypeID="TextInput" x="426" y="254" w="163" h="24" zOrder="18">
      <font family="Segoe+UI" displayName="Segoe+UI" postScript="" weightStyle="Regular" weight="400" isBold="False" isItalic="False"/>
      <lineSpacing>0</lineSpacing>
      <selectedIndex>-1</selectedIndex>
      <radius>2</radius>
    </control>
    <control controlID="FAC020A2-4C2B-4DC6-A01A-419A9F218607" controlTypeID="Label" x="432" y="201" w="75" h="14" zOrder="19">
      <opacity>0.400000005960464</opacity>
      <font family="Segoe+UI" displayName="Segoe+UI" postScript="" weightStyle="Regular" weight="400" isBold="False" isItalic="False"/>
      <text>%E8%BE%93%E5%85%A56%E4%B8%AA%E4%BB%A5%E4%B8%8A%E5%AD%97%E7%AC%A6</text>
      <textSize>10</textSize>
      <lineSpacing>0</lineSpacing>
      <useDefaultTextSize>False</useDefaultTextSize>
      <selectedIndex>-1</selectedIndex>
    </control>
    <control controlID="B75F60F5-6E37-4DE4-A8B4-C7F4374177DD" controlTypeID="Label" x="432" y="260" w="70" h="13" zOrder="20">
      <opacity>0.400000005960464</opacity>
      <font family="Segoe+UI" displayName="Segoe+UI" postScript="" weightStyle="Regular" weight="400" isBold="False" isItalic="False"/>
      <text>%E8%AF%B7%E5%86%8D%E6%AC%A1%E8%BE%93%E5%85%A5%E5%AF%86%E7%A0%81</text>
      <textSize>10</textSize>
      <lineSpacing>0</lineSpacing>
      <useDefaultTextSize>False</useDefaultTextSize>
      <selectedIndex>-1</selectedIndex>
    </control>
    <control controlID="31EF0A5E-0AF1-402F-8DD1-F9019126E2DA" controlTypeID="Button" x="484" y="323" w="105" h="33" zOrder="21">
      <font family="Segoe+UI" displayName="Segoe+UI" postScript="" weightStyle="Regular" weight="400" isBold="False" isItalic="False"/>
      <text>%E7%A1%AE%E5%AE%9A</text>
      <lineSpacing>0</lineSpacing>
      <selectedIndex>-1</selectedIndex>
      <radius>2</radius>
    </control>
  </controls>
  <param>
    <backgroundColor>4294967295</backgroundColor>
    <fontSize>14</fontSize>
    <fontFamily>Segoe+UI</fontFamily>
    <guideLines/>
  </param>
</mockup>