﻿<mockup version="5.3" minAllowVersion="5.3" ID="DE7059E3-6D69-4892-990B-4EE4BC9705D2" platform="MtWeb" defaultW="1100" defaultH="1120" measureW="1100" measureH="2000" mobileScreenScale="0">
  <controls controlCount="199">
    <control controlID="8D2FFD9A-9BF2-44E8-B599-66E70F9EB0DA" controlTypeID="Label" x="771" y="127" w="24" h="16" zOrder="0">
      <states>
        <state propName="TextColor" stateType="state_mouseOver" isChecked="True" value="4278229503" varType="20"/>
      </states>
      <font family="Segoe+UI" displayName="Segoe+UI" postScript="" weightStyle="Regular" weight="400" isBold="False" isItalic="False"/>
      <text>%E4%B9%A6%E5%93%81</text>
      <textColor>4281742902</textColor>
      <textSize>12</textSize>
      <lineSpacing>0</lineSpacing>
      <useDefaultTextSize>False</useDefaultTextSize>
      <selectedIndex>-1</selectedIndex>
    </control>
    <control controlID="036FFC03-B6EB-4922-9E57-1732CA997B01" controlTypeID="Label" x="875" y="127" w="48" h="16" zOrder="1">
      <states>
        <state propName="TextColor" stateType="state_mouseOver" isChecked="True" value="4278229503" varType="20"/>
      </states>
      <font family="Segoe+UI" displayName="Segoe+UI" postScript="" weightStyle="Regular" weight="400" isBold="False" isItalic="False"/>
      <text>%E8%BE%85%E5%AF%BC%E8%B5%84%E6%96%99</text>
      <textColor>4281742902</textColor>
      <textSize>12</textSize>
      <lineSpacing>0</lineSpacing>
      <useDefaultTextSize>False</useDefaultTextSize>
      <selectedIndex>-1</selectedIndex>
    </control>
    <control controlID="3DDB46E6-5F83-4E25-9A8B-377FA76BA512" controlTypeID="Label" x="999" y="127" w="24" h="16" zOrder="2">
      <states>
        <state propName="TextColor" stateType="state_mouseOver" isChecked="True" value="4278229503" varType="20"/>
      </states>
      <font family="Segoe+UI" displayName="Segoe+UI" postScript="" weightStyle="Regular" weight="400" isBold="False" isItalic="False"/>
      <text>%E5%85%B6%E4%BB%96</text>
      <textColor>4281742902</textColor>
      <textSize>12</textSize>
      <lineSpacing>0</lineSpacing>
      <useDefaultTextSize>False</useDefaultTextSize>
      <selectedIndex>-1</selectedIndex>
    </control>
    <control controlID="F51AA828-E527-4034-B5C6-B00DC1405994" controlTypeID="Label" x="812" y="127" w="48" h="16" zOrder="3">
      <states>
        <state propName="TextColor" stateType="state_mouseOver" isChecked="True" value="4278229503" varType="20"/>
      </states>
      <font family="Segoe+UI" displayName="Segoe+UI" postScript="" weightStyle="Regular" weight="400" isBold="False" isItalic="False"/>
      <text>%E5%AD%A6%E4%B9%A0%E5%B7%A5%E5%85%B7</text>
      <textColor>4281742902</textColor>
      <textSize>12</textSize>
      <lineSpacing>0</lineSpacing>
      <useDefaultTextSize>False</useDefaultTextSize>
      <selectedIndex>-1</selectedIndex>
    </control>
    <control controlID="E13320EE-B411-4DD9-82F1-EAE53E140201" controlTypeID="Label" x="938" y="127" w="48" h="16" zOrder="4">
      <states>
        <state propName="TextColor" stateType="state_mouseOver" isChecked="True" value="4278229503" varType="20"/>
      </states>
      <font family="Segoe+UI" displayName="Segoe+UI" postScript="" weightStyle="Regular" weight="400" isBold="False" isItalic="False"/>
      <text>%E7%B2%BE%E7%BE%8E%E7%AC%94%E8%AE%B0</text>
      <textColor>4281742902</textColor>
      <textSize>12</textSize>
      <lineSpacing>0</lineSpacing>
      <useDefaultTextSize>False</useDefaultTextSize>
      <selectedIndex>-1</selectedIndex>
    </control>
    <control controlID="709712BC-D297-45BB-AC8B-3A6C530B6849" controlTypeID="Label" x="108" y="127" w="64" h="22" zOrder="5">
      <font family="%E5%BE%AE%E8%BD%AF%E9%9B%85%E9%BB%91" displayName="%E5%BE%AE%E8%BD%AF%E9%9B%85%E9%BB%91" postScript="" weightStyle="Regular" weight="400" isBold="False" isItalic="False" useDefaultFontFamily="False"/>
      <text>%E5%95%86%E5%93%81%E5%88%86%E7%B1%BB</text>
      <textSize>16</textSize>
      <lineSpacing>0</lineSpacing>
      <useDefaultTextSize>False</useDefaultTextSize>
      <selectedIndex>-1</selectedIndex>
    </control>
    <control controlID="45B215E8-BAC2-4C90-A769-620BF5FC985D" controlTypeID="Icon" x="84" y="131" w="15" h="15" zOrder="6">
      <color>4278190080</color>
      <icon>
        <ID/>
        <iconFontName>jdFontAwesome</iconFontName>
        <iconCode>61642</iconCode>
      </icon>
      <URL>116F06C5E8052189C178A2E5B06FC10B.svg</URL>
    </control>
    <control controlID="11316311-3441-424A-9DE7-CAAB80E61ABC" controlTypeID="Image" x="40" y="169" w="1020" h="300" zOrder="7">
      <caption>%E6%9C%AA%E5%AE%9A%E5%9B%BE%E7%89%87%EF%BC%88%E5%8F%AF%E8%83%BD%E6%98%AF%E5%AE%A3%E4%BC%A0%E6%80%A7%E8%B4%A8%EF%BC%89</caption>
    </control>
    <control controlID="2EFF11F4-636C-439B-9F98-DA4E23472437" controlTypeID="Shape" x="79" y="492" w="149" h="36" zOrder="8">
      <color>4294111986</color>
      <font family="Segoe+UI" displayName="Segoe+UI" postScript="" weightStyle="Regular" weight="400" isBold="False" isItalic="False"/>
      <textSize>14</textSize>
      <selectedIndex>-1</selectedIndex>
    </control>
    <control controlID="B06AD052-1CD3-41F3-A2CC-5E2BD818F23C" controlTypeID="Label" x="93" y="501" w="56" h="19" zOrder="9">
      <font family="%E5%BE%AE%E8%BD%AF%E9%9B%85%E9%BB%91" displayName="%E5%BE%AE%E8%BD%AF%E9%9B%85%E9%BB%91" postScript="" weightStyle="Regular" weight="400" isBold="False" isItalic="False" useDefaultFontFamily="False"/>
      <text>%E7%B2%BE%E5%93%81%E6%8E%A8%E8%8D%90</text>
      <lineSpacing>0</lineSpacing>
      <selectedIndex>-1</selectedIndex>
    </control>
    <control controlID="E93C02D5-926A-4E75-8587-E5A53824DF55" controlTypeID="Icon" x="194" y="500" w="24" h="24" zOrder="10">
      <icon>
        <ID/>
        <iconFontName>jdIonicons</iconFontName>
        <iconCode>62343</iconCode>
      </icon>
      <URL>27BF6DD5D083782A1CB633DA66BC8750.svg</URL>
    </control>
    <control controlID="D4E2449B-02FE-4C57-999A-A6210AAF3BB9" controlTypeID="Image" x="269" y="560" w="181" h="179" zOrder="11"/>
    <control controlID="BB4E6BD1-E033-4081-962B-81E7912D8709" controlTypeID="Shape" x="269" y="722" w="181" h="17" zOrder="12">
      <color>3041084227</color>
      <borderVisible>False</borderVisible>
      <font family="Segoe+UI" displayName="Segoe+UI" postScript="" weightStyle="Regular" weight="400" isBold="False" isItalic="False"/>
      <textSize>14</textSize>
      <selectedIndex>-1</selectedIndex>
    </control>
    <control controlID="165BE253-B8DB-4404-9B2C-0DED8DCC2BF7" controlTypeID="Label" x="320" y="723" w="80" h="14" zOrder="13">
      <font family="Segoe+UI" displayName="Segoe+UI" postScript="" weightStyle="Regular" weight="400" isBold="False" isItalic="False"/>
      <text>+</text>
      <textColor>4294967295</textColor>
      <textSize>10</textSize>
      <lineSpacing>0</lineSpacing>
      <useDefaultTextSize>False</useDefaultTextSize>
      <selectedIndex>-1</selectedIndex>
    </control>
    <control controlID="A5B2573E-7C24-4E5D-AD24-607958CD98DA" controlTypeID="Label" x="311" y="742" w="99" h="15" zOrder="14">
      <font family="Segoe+UI" displayName="Segoe+UI+Bold" postScript="" weightStyle="Bold" weight="700" isBold="True" isItalic="False"/>
      <text>+</text>
      <textColor>4294260598</textColor>
      <textSize>11</textSize>
      <lineSpacing>0</lineSpacing>
      <textStyles>[fsBold]</textStyles>
      <useDefaultTextSize>False</useDefaultTextSize>
      <selectedIndex>-1</selectedIndex>
    </control>
    <control controlID="E0413EF2-0828-4F16-B0EA-CED2E3F9E014" controlTypeID="Label" x="373" y="780" w="77" h="15" zOrder="15">
      <font family="Segoe+UI" displayName="Segoe+UI+Bold" postScript="" weightStyle="Bold" weight="700" isBold="True" isItalic="False"/>
      <text>%E5%8D%96%E6%96%B9%E5%AE%9A%E4%BB%B7%EF%BC%9A49.8</text>
      <textSize>11</textSize>
      <lineSpacing>0</lineSpacing>
      <textStyles>[fsBold]</textStyles>
      <useDefaultTextSize>False</useDefaultTextSize>
      <selectedIndex>-1</selectedIndex>
    </control>
    <control controlID="A5069BA9-A3B7-4F9A-942E-E2D3FE455373" controlTypeID="HRule" x="270" y="755" w="180" h="12" zOrder="16">
      <color>4293190884</color>
      <thickness>1</thickness>
    </control>
    <control controlID="AEEB318B-C270-43E1-AD07-9D6442006621" controlTypeID="Label" x="362" y="766" w="88" h="14" zOrder="17">
      <font family="Segoe+UI" displayName="Segoe+UI" postScript="" weightStyle="Regular" weight="400" isBold="False" isItalic="False"/>
      <text>%E5%8D%96%E6%96%B9%E5%85%81%E8%AE%B8%E4%BB%B7%E6%A0%BC%E5%95%86%E8%AE%AE</text>
      <textColor>4287006342</textColor>
      <textSize>11</textSize>
      <lineSpacing>0</lineSpacing>
      <useDefaultTextSize>False</useDefaultTextSize>
      <selectedIndex>-1</selectedIndex>
    </control>
    <control controlID="896FC2D0-2E61-4814-BED9-D5185C955233" controlTypeID="Label" x="404" y="697" w="36" h="19" zOrder="18">
      <font family="Segoe+UI" displayName="Segoe+UI" postScript="" weightStyle="Regular" weight="400" isBold="False" isItalic="False"/>
      <text>9%E6%88%90%E6%96%B0</text>
      <textColor>4278190335</textColor>
      <lineSpacing>0</lineSpacing>
      <selectedIndex>-1</selectedIndex>
    </control>
    <control controlID="2BB1DD86-E8A1-442E-ADEB-FD78CC552C6B" controlTypeID="Image" x="460" y="560" w="181" h="179" zOrder="19"/>
    <control controlID="887B472B-550F-4A7C-B46F-563C9053C489" controlTypeID="Shape" x="460" y="722" w="181" h="17" zOrder="20">
      <color>3041084227</color>
      <borderVisible>False</borderVisible>
      <font family="Segoe+UI" displayName="Segoe+UI" postScript="" weightStyle="Regular" weight="400" isBold="False" isItalic="False"/>
      <textSize>14</textSize>
      <selectedIndex>-1</selectedIndex>
    </control>
    <control controlID="1B58D3A1-082F-4225-85AB-822B8E95BAF5" controlTypeID="Label" x="511" y="723" w="80" h="14" zOrder="21">
      <font family="Segoe+UI" displayName="Segoe+UI" postScript="" weightStyle="Regular" weight="400" isBold="False" isItalic="False"/>
      <text>+</text>
      <textColor>4294967295</textColor>
      <textSize>10</textSize>
      <lineSpacing>0</lineSpacing>
      <useDefaultTextSize>False</useDefaultTextSize>
      <selectedIndex>-1</selectedIndex>
    </control>
    <control controlID="6E3F358E-F54F-4140-9513-ED2BFDA0C733" controlTypeID="Label" x="502" y="742" w="99" h="15" zOrder="22">
      <font family="Segoe+UI" displayName="Segoe+UI+Bold" postScript="" weightStyle="Bold" weight="700" isBold="True" isItalic="False"/>
      <text>+</text>
      <textColor>4294260598</textColor>
      <textSize>11</textSize>
      <lineSpacing>0</lineSpacing>
      <textStyles>[fsBold]</textStyles>
      <useDefaultTextSize>False</useDefaultTextSize>
      <selectedIndex>-1</selectedIndex>
    </control>
    <control controlID="A3F07C02-F56B-40AC-90A9-DF518F9E40EC" controlTypeID="Label" x="564" y="780" w="77" h="15" zOrder="23">
      <font family="Segoe+UI" displayName="Segoe+UI+Bold" postScript="" weightStyle="Bold" weight="700" isBold="True" isItalic="False"/>
      <text>%E5%8D%96%E6%96%B9%E5%AE%9A%E4%BB%B7%EF%BC%9A49.8</text>
      <textSize>11</textSize>
      <lineSpacing>0</lineSpacing>
      <textStyles>[fsBold]</textStyles>
      <useDefaultTextSize>False</useDefaultTextSize>
      <selectedIndex>-1</selectedIndex>
    </control>
    <control controlID="AA55E21B-5C9D-4CB8-A5C9-782ED9862C9A" controlTypeID="HRule" x="461" y="755" w="180" h="12" zOrder="24">
      <color>4293190884</color>
      <thickness>1</thickness>
    </control>
    <control controlID="DEFE33FC-2CFA-4B08-B882-CFB8FDCAF799" controlTypeID="Label" x="553" y="766" w="88" h="14" zOrder="25">
      <font family="Segoe+UI" displayName="Segoe+UI" postScript="" weightStyle="Regular" weight="400" isBold="False" isItalic="False"/>
      <text>%E5%8D%96%E6%96%B9%E5%85%81%E8%AE%B8%E4%BB%B7%E6%A0%BC%E5%95%86%E8%AE%AE</text>
      <textColor>4287006342</textColor>
      <textSize>11</textSize>
      <lineSpacing>0</lineSpacing>
      <useDefaultTextSize>False</useDefaultTextSize>
      <selectedIndex>-1</selectedIndex>
    </control>
    <control controlID="F7FFFF45-9634-486A-9FE2-7C5DD964F796" controlTypeID="Label" x="595" y="697" w="36" h="19" zOrder="26">
      <font family="Segoe+UI" displayName="Segoe+UI" postScript="" weightStyle="Regular" weight="400" isBold="False" isItalic="False"/>
      <text>9%E6%88%90%E6%96%B0</text>
      <textColor>4278190335</textColor>
      <lineSpacing>0</lineSpacing>
      <selectedIndex>-1</selectedIndex>
    </control>
    <control controlID="5E56E78B-D13A-4E7D-A9D6-6EA34F31C8FF" controlTypeID="Image" x="651" y="560" w="181" h="179" zOrder="27"/>
    <control controlID="A98112FC-1869-4598-8753-158B24A30ED3" controlTypeID="Shape" x="651" y="722" w="181" h="17" zOrder="28">
      <color>3041084227</color>
      <borderVisible>False</borderVisible>
      <font family="Segoe+UI" displayName="Segoe+UI" postScript="" weightStyle="Regular" weight="400" isBold="False" isItalic="False"/>
      <textSize>14</textSize>
      <selectedIndex>-1</selectedIndex>
    </control>
    <control controlID="772971FB-9208-4AD6-908A-7C6795F0C341" controlTypeID="Label" x="702" y="723" w="80" h="14" zOrder="29">
      <font family="Segoe+UI" displayName="Segoe+UI" postScript="" weightStyle="Regular" weight="400" isBold="False" isItalic="False"/>
      <text>+</text>
      <textColor>4294967295</textColor>
      <textSize>10</textSize>
      <lineSpacing>0</lineSpacing>
      <useDefaultTextSize>False</useDefaultTextSize>
      <selectedIndex>-1</selectedIndex>
    </control>
    <control controlID="15CABC3C-1F80-4C61-9981-438091199695" controlTypeID="Label" x="693" y="742" w="99" h="15" zOrder="30">
      <font family="Segoe+UI" displayName="Segoe+UI+Bold" postScript="" weightStyle="Bold" weight="700" isBold="True" isItalic="False"/>
      <text>+</text>
      <textColor>4294260598</textColor>
      <textSize>11</textSize>
      <lineSpacing>0</lineSpacing>
      <textStyles>[fsBold]</textStyles>
      <useDefaultTextSize>False</useDefaultTextSize>
      <selectedIndex>-1</selectedIndex>
    </control>
    <control controlID="4877B5EE-2443-4A7D-9D5C-E1C9AFAC3B9D" controlTypeID="Label" x="755" y="780" w="77" h="15" zOrder="31">
      <font family="Segoe+UI" displayName="Segoe+UI+Bold" postScript="" weightStyle="Bold" weight="700" isBold="True" isItalic="False"/>
      <text>%E5%8D%96%E6%96%B9%E5%AE%9A%E4%BB%B7%EF%BC%9A49.8</text>
      <textSize>11</textSize>
      <lineSpacing>0</lineSpacing>
      <textStyles>[fsBold]</textStyles>
      <useDefaultTextSize>False</useDefaultTextSize>
      <selectedIndex>-1</selectedIndex>
    </control>
    <control controlID="D7C8176C-565F-4B17-96E6-779F19CA4594" controlTypeID="HRule" x="652" y="755" w="180" h="12" zOrder="32">
      <color>4293190884</color>
      <thickness>1</thickness>
    </control>
    <control controlID="3E1AC107-A110-4430-833D-03E3058C9940" controlTypeID="Label" x="744" y="766" w="88" h="14" zOrder="33">
      <font family="Segoe+UI" displayName="Segoe+UI" postScript="" weightStyle="Regular" weight="400" isBold="False" isItalic="False"/>
      <text>%E5%8D%96%E6%96%B9%E5%85%81%E8%AE%B8%E4%BB%B7%E6%A0%BC%E5%95%86%E8%AE%AE</text>
      <textColor>4287006342</textColor>
      <textSize>11</textSize>
      <lineSpacing>0</lineSpacing>
      <useDefaultTextSize>False</useDefaultTextSize>
      <selectedIndex>-1</selectedIndex>
    </control>
    <control controlID="46EC0410-0C5E-40DA-8716-D0CA0412F697" controlTypeID="Label" x="786" y="697" w="36" h="19" zOrder="34">
      <font family="Segoe+UI" displayName="Segoe+UI" postScript="" weightStyle="Regular" weight="400" isBold="False" isItalic="False"/>
      <text>9%E6%88%90%E6%96%B0</text>
      <textColor>4278190335</textColor>
      <lineSpacing>0</lineSpacing>
      <selectedIndex>-1</selectedIndex>
    </control>
    <control controlID="84A5EF27-6EB9-4B8D-A6C1-3255D493A647" controlTypeID="Image" x="842" y="560" w="181" h="179" zOrder="35"/>
    <control controlID="37271DDF-6EF5-4CED-A905-C4DA1901477D" controlTypeID="Shape" x="842" y="722" w="181" h="17" zOrder="36">
      <color>3041084227</color>
      <borderVisible>False</borderVisible>
      <font family="Segoe+UI" displayName="Segoe+UI" postScript="" weightStyle="Regular" weight="400" isBold="False" isItalic="False"/>
      <textSize>14</textSize>
      <selectedIndex>-1</selectedIndex>
    </control>
    <control controlID="5DA9CBFB-51EB-45BF-8772-DEC60B3E2A9B" controlTypeID="Label" x="893" y="723" w="80" h="14" zOrder="37">
      <font family="Segoe+UI" displayName="Segoe+UI" postScript="" weightStyle="Regular" weight="400" isBold="False" isItalic="False"/>
      <text>+</text>
      <textColor>4294967295</textColor>
      <textSize>10</textSize>
      <lineSpacing>0</lineSpacing>
      <useDefaultTextSize>False</useDefaultTextSize>
      <selectedIndex>-1</selectedIndex>
    </control>
    <control controlID="4AA61CB3-125A-48CC-9331-4E35FB17CE02" controlTypeID="Label" x="884" y="742" w="99" h="15" zOrder="38">
      <font family="Segoe+UI" displayName="Segoe+UI+Bold" postScript="" weightStyle="Bold" weight="700" isBold="True" isItalic="False"/>
      <text>+</text>
      <textColor>4294260598</textColor>
      <textSize>11</textSize>
      <lineSpacing>0</lineSpacing>
      <textStyles>[fsBold]</textStyles>
      <useDefaultTextSize>False</useDefaultTextSize>
      <selectedIndex>-1</selectedIndex>
    </control>
    <control controlID="FFE5585F-B17B-44C9-8F5C-C0D71056CA1D" controlTypeID="Label" x="946" y="780" w="77" h="15" zOrder="39">
      <font family="Segoe+UI" displayName="Segoe+UI+Bold" postScript="" weightStyle="Bold" weight="700" isBold="True" isItalic="False"/>
      <text>%E5%8D%96%E6%96%B9%E5%AE%9A%E4%BB%B7%EF%BC%9A49.8</text>
      <textSize>11</textSize>
      <lineSpacing>0</lineSpacing>
      <textStyles>[fsBold]</textStyles>
      <useDefaultTextSize>False</useDefaultTextSize>
      <selectedIndex>-1</selectedIndex>
    </control>
    <control controlID="23FD1BE8-B0D1-49C8-947E-134EEEA47322" controlTypeID="HRule" x="843" y="755" w="180" h="12" zOrder="40">
      <color>4293190884</color>
      <thickness>1</thickness>
    </control>
    <control controlID="FFC2385F-F524-4C4E-984A-20A1547B3719" controlTypeID="Label" x="935" y="766" w="88" h="14" zOrder="41">
      <font family="Segoe+UI" displayName="Segoe+UI" postScript="" weightStyle="Regular" weight="400" isBold="False" isItalic="False"/>
      <text>%E5%8D%96%E6%96%B9%E5%85%81%E8%AE%B8%E4%BB%B7%E6%A0%BC%E5%95%86%E8%AE%AE</text>
      <textColor>4287006342</textColor>
      <textSize>11</textSize>
      <lineSpacing>0</lineSpacing>
      <useDefaultTextSize>False</useDefaultTextSize>
      <selectedIndex>-1</selectedIndex>
    </control>
    <control controlID="671C14D2-7849-41FE-A255-D0D163E683D2" controlTypeID="Label" x="977" y="697" w="36" h="19" zOrder="42">
      <font family="Segoe+UI" displayName="Segoe+UI" postScript="" weightStyle="Regular" weight="400" isBold="False" isItalic="False"/>
      <text>9%E6%88%90%E6%96%B0</text>
      <textColor>4278190335</textColor>
      <lineSpacing>0</lineSpacing>
      <selectedIndex>-1</selectedIndex>
    </control>
    <control controlID="C6E61679-ED99-47A5-AB7B-39F0266E41DC" controlTypeID="Shape" x="0" y="1831" w="1100" h="166" zOrder="43">
      <color>4278190080</color>
      <borderVisible>False</borderVisible>
      <font family="Segoe+UI" displayName="Segoe+UI" postScript="" weightStyle="Regular" weight="400" isBold="False" isItalic="False"/>
      <textSize>14</textSize>
      <selectedIndex>-1</selectedIndex>
    </control>
    <control controlID="BA3FE704-F1FC-451E-AC08-87205E7449AD" controlTypeID="Image" x="269" y="815" w="181" h="179" zOrder="44"/>
    <control controlID="5326CE11-3D01-46B9-A4F6-10AF09126D58" controlTypeID="Shape" x="269" y="977" w="181" h="17" zOrder="45">
      <color>3041084227</color>
      <borderVisible>False</borderVisible>
      <font family="Segoe+UI" displayName="Segoe+UI" postScript="" weightStyle="Regular" weight="400" isBold="False" isItalic="False"/>
      <textSize>14</textSize>
      <selectedIndex>-1</selectedIndex>
    </control>
    <control controlID="BC0E4C35-50C1-42D9-B6BB-2AF08E032F53" controlTypeID="Label" x="320" y="978" w="80" h="14" zOrder="46">
      <font family="Segoe+UI" displayName="Segoe+UI" postScript="" weightStyle="Regular" weight="400" isBold="False" isItalic="False"/>
      <text>+</text>
      <textColor>4294967295</textColor>
      <textSize>10</textSize>
      <lineSpacing>0</lineSpacing>
      <useDefaultTextSize>False</useDefaultTextSize>
      <selectedIndex>-1</selectedIndex>
    </control>
    <control controlID="F07D8A0D-E7DC-4BF1-B412-3AA8EF6E46ED" controlTypeID="Label" x="311" y="997" w="99" h="15" zOrder="47">
      <font family="Segoe+UI" displayName="Segoe+UI+Bold" postScript="" weightStyle="Bold" weight="700" isBold="True" isItalic="False"/>
      <text>+</text>
      <textColor>4294260598</textColor>
      <textSize>11</textSize>
      <lineSpacing>0</lineSpacing>
      <textStyles>[fsBold]</textStyles>
      <useDefaultTextSize>False</useDefaultTextSize>
      <selectedIndex>-1</selectedIndex>
    </control>
    <control controlID="51B8FD7E-1508-4EDC-B7EB-1A91B17D8C71" controlTypeID="Label" x="373" y="1035" w="77" h="15" zOrder="48">
      <font family="Segoe+UI" displayName="Segoe+UI+Bold" postScript="" weightStyle="Bold" weight="700" isBold="True" isItalic="False"/>
      <text>%E5%8D%96%E6%96%B9%E5%AE%9A%E4%BB%B7%EF%BC%9A49.8</text>
      <textSize>11</textSize>
      <lineSpacing>0</lineSpacing>
      <textStyles>[fsBold]</textStyles>
      <useDefaultTextSize>False</useDefaultTextSize>
      <selectedIndex>-1</selectedIndex>
    </control>
    <control controlID="3C196607-8A23-4041-98B8-ABBACECCB9AB" controlTypeID="HRule" x="270" y="1010" w="180" h="12" zOrder="49">
      <color>4293190884</color>
      <thickness>1</thickness>
    </control>
    <control controlID="40491691-C40D-4A29-83D8-5B41B35DCEC5" controlTypeID="Label" x="362" y="1021" w="88" h="14" zOrder="50">
      <font family="Segoe+UI" displayName="Segoe+UI" postScript="" weightStyle="Regular" weight="400" isBold="False" isItalic="False"/>
      <text>%E5%8D%96%E6%96%B9%E5%85%81%E8%AE%B8%E4%BB%B7%E6%A0%BC%E5%95%86%E8%AE%AE</text>
      <textColor>4287006342</textColor>
      <textSize>11</textSize>
      <lineSpacing>0</lineSpacing>
      <useDefaultTextSize>False</useDefaultTextSize>
      <selectedIndex>-1</selectedIndex>
    </control>
    <control controlID="7D7FD1FB-33A5-4553-9AA8-55562AF9399E" controlTypeID="Label" x="404" y="952" w="36" h="19" zOrder="51">
      <font family="Segoe+UI" displayName="Segoe+UI" postScript="" weightStyle="Regular" weight="400" isBold="False" isItalic="False"/>
      <text>9%E6%88%90%E6%96%B0</text>
      <textColor>4278190335</textColor>
      <lineSpacing>0</lineSpacing>
      <selectedIndex>-1</selectedIndex>
    </control>
    <control controlID="4D8DB5F2-1D12-4935-BD9B-B727F67D9181" controlTypeID="Image" x="460" y="815" w="181" h="179" zOrder="52"/>
    <control controlID="8072A870-43A8-45D5-A776-4A3E1EB13308" controlTypeID="Shape" x="460" y="977" w="181" h="17" zOrder="53">
      <color>3041084227</color>
      <borderVisible>False</borderVisible>
      <font family="Segoe+UI" displayName="Segoe+UI" postScript="" weightStyle="Regular" weight="400" isBold="False" isItalic="False"/>
      <textSize>14</textSize>
      <selectedIndex>-1</selectedIndex>
    </control>
    <control controlID="2384CB99-6D07-40C7-A4BF-BA8263429015" controlTypeID="Label" x="511" y="978" w="80" h="14" zOrder="54">
      <font family="Segoe+UI" displayName="Segoe+UI" postScript="" weightStyle="Regular" weight="400" isBold="False" isItalic="False"/>
      <text>+</text>
      <textColor>4294967295</textColor>
      <textSize>10</textSize>
      <lineSpacing>0</lineSpacing>
      <useDefaultTextSize>False</useDefaultTextSize>
      <selectedIndex>-1</selectedIndex>
    </control>
    <control controlID="5CDD2FBC-B37F-4757-88AB-A309EE29098B" controlTypeID="Label" x="502" y="997" w="99" h="15" zOrder="55">
      <font family="Segoe+UI" displayName="Segoe+UI+Bold" postScript="" weightStyle="Bold" weight="700" isBold="True" isItalic="False"/>
      <text>+</text>
      <textColor>4294260598</textColor>
      <textSize>11</textSize>
      <lineSpacing>0</lineSpacing>
      <textStyles>[fsBold]</textStyles>
      <useDefaultTextSize>False</useDefaultTextSize>
      <selectedIndex>-1</selectedIndex>
    </control>
    <control controlID="1E0B64B8-50DF-4856-8564-2E4120B8E88C" controlTypeID="Label" x="564" y="1035" w="77" h="15" zOrder="56">
      <font family="Segoe+UI" displayName="Segoe+UI+Bold" postScript="" weightStyle="Bold" weight="700" isBold="True" isItalic="False"/>
      <text>%E5%8D%96%E6%96%B9%E5%AE%9A%E4%BB%B7%EF%BC%9A49.8</text>
      <textSize>11</textSize>
      <lineSpacing>0</lineSpacing>
      <textStyles>[fsBold]</textStyles>
      <useDefaultTextSize>False</useDefaultTextSize>
      <selectedIndex>-1</selectedIndex>
    </control>
    <control controlID="6B9BDF2A-92E5-482B-A314-5983B815374D" controlTypeID="HRule" x="461" y="1010" w="180" h="12" zOrder="57">
      <color>4293190884</color>
      <thickness>1</thickness>
    </control>
    <control controlID="9C8DB119-05AE-41C2-A757-A62674F7B046" controlTypeID="Label" x="553" y="1021" w="88" h="14" zOrder="58">
      <font family="Segoe+UI" displayName="Segoe+UI" postScript="" weightStyle="Regular" weight="400" isBold="False" isItalic="False"/>
      <text>%E5%8D%96%E6%96%B9%E5%85%81%E8%AE%B8%E4%BB%B7%E6%A0%BC%E5%95%86%E8%AE%AE</text>
      <textColor>4287006342</textColor>
      <textSize>11</textSize>
      <lineSpacing>0</lineSpacing>
      <useDefaultTextSize>False</useDefaultTextSize>
      <selectedIndex>-1</selectedIndex>
    </control>
    <control controlID="8BC78BC6-1FE6-4533-BCC6-A03616B301E8" controlTypeID="Label" x="595" y="952" w="36" h="19" zOrder="59">
      <font family="Segoe+UI" displayName="Segoe+UI" postScript="" weightStyle="Regular" weight="400" isBold="False" isItalic="False"/>
      <text>9%E6%88%90%E6%96%B0</text>
      <textColor>4278190335</textColor>
      <lineSpacing>0</lineSpacing>
      <selectedIndex>-1</selectedIndex>
    </control>
    <control controlID="C52459C3-FEE1-4562-B572-CCE12DA86122" controlTypeID="Image" x="651" y="815" w="181" h="179" zOrder="60"/>
    <control controlID="25050526-CE1C-4B73-8854-9C2B80CBE8CF" controlTypeID="Shape" x="651" y="977" w="181" h="17" zOrder="61">
      <color>3041084227</color>
      <borderVisible>False</borderVisible>
      <font family="Segoe+UI" displayName="Segoe+UI" postScript="" weightStyle="Regular" weight="400" isBold="False" isItalic="False"/>
      <textSize>14</textSize>
      <selectedIndex>-1</selectedIndex>
    </control>
    <control controlID="9D7996C5-E080-49DC-B3A2-8C7AF3DDF230" controlTypeID="Label" x="702" y="978" w="80" h="14" zOrder="62">
      <font family="Segoe+UI" displayName="Segoe+UI" postScript="" weightStyle="Regular" weight="400" isBold="False" isItalic="False"/>
      <text>+</text>
      <textColor>4294967295</textColor>
      <textSize>10</textSize>
      <lineSpacing>0</lineSpacing>
      <useDefaultTextSize>False</useDefaultTextSize>
      <selectedIndex>-1</selectedIndex>
    </control>
    <control controlID="5560D86C-4846-48F7-B8DB-E367481C97BB" controlTypeID="Label" x="693" y="997" w="99" h="15" zOrder="63">
      <font family="Segoe+UI" displayName="Segoe+UI+Bold" postScript="" weightStyle="Bold" weight="700" isBold="True" isItalic="False"/>
      <text>+</text>
      <textColor>4294260598</textColor>
      <textSize>11</textSize>
      <lineSpacing>0</lineSpacing>
      <textStyles>[fsBold]</textStyles>
      <useDefaultTextSize>False</useDefaultTextSize>
      <selectedIndex>-1</selectedIndex>
    </control>
    <control controlID="D6DF3A0C-DEE7-42C5-968F-85F9584DA474" controlTypeID="Label" x="755" y="1035" w="77" h="15" zOrder="64">
      <font family="Segoe+UI" displayName="Segoe+UI+Bold" postScript="" weightStyle="Bold" weight="700" isBold="True" isItalic="False"/>
      <text>%E5%8D%96%E6%96%B9%E5%AE%9A%E4%BB%B7%EF%BC%9A49.8</text>
      <textSize>11</textSize>
      <lineSpacing>0</lineSpacing>
      <textStyles>[fsBold]</textStyles>
      <useDefaultTextSize>False</useDefaultTextSize>
      <selectedIndex>-1</selectedIndex>
    </control>
    <control controlID="B63D2D7E-B5E9-4676-A370-F5D109AE37FF" controlTypeID="HRule" x="652" y="1010" w="180" h="12" zOrder="65">
      <color>4293190884</color>
      <thickness>1</thickness>
    </control>
    <control controlID="1C73C765-A5EE-4FB8-B146-7B3BB0AED984" controlTypeID="Label" x="744" y="1021" w="88" h="14" zOrder="66">
      <font family="Segoe+UI" displayName="Segoe+UI" postScript="" weightStyle="Regular" weight="400" isBold="False" isItalic="False"/>
      <text>%E5%8D%96%E6%96%B9%E5%85%81%E8%AE%B8%E4%BB%B7%E6%A0%BC%E5%95%86%E8%AE%AE</text>
      <textColor>4287006342</textColor>
      <textSize>11</textSize>
      <lineSpacing>0</lineSpacing>
      <useDefaultTextSize>False</useDefaultTextSize>
      <selectedIndex>-1</selectedIndex>
    </control>
    <control controlID="1C073933-16E4-4082-983E-1CE4A39609E6" controlTypeID="Label" x="786" y="952" w="36" h="19" zOrder="67">
      <font family="Segoe+UI" displayName="Segoe+UI" postScript="" weightStyle="Regular" weight="400" isBold="False" isItalic="False"/>
      <text>9%E6%88%90%E6%96%B0</text>
      <textColor>4278190335</textColor>
      <lineSpacing>0</lineSpacing>
      <selectedIndex>-1</selectedIndex>
    </control>
    <control controlID="2EE1C98A-C0C4-4B6F-B826-5CF545D63B0C" controlTypeID="Image" x="842" y="815" w="181" h="179" zOrder="68"/>
    <control controlID="1F24484E-604F-474F-898B-5DF3C2C527EC" controlTypeID="Shape" x="842" y="977" w="181" h="17" zOrder="69">
      <color>3041084227</color>
      <borderVisible>False</borderVisible>
      <font family="Segoe+UI" displayName="Segoe+UI" postScript="" weightStyle="Regular" weight="400" isBold="False" isItalic="False"/>
      <textSize>14</textSize>
      <selectedIndex>-1</selectedIndex>
    </control>
    <control controlID="72A01144-8034-41AA-99E7-B3637BD62D64" controlTypeID="Label" x="893" y="978" w="80" h="14" zOrder="70">
      <font family="Segoe+UI" displayName="Segoe+UI" postScript="" weightStyle="Regular" weight="400" isBold="False" isItalic="False"/>
      <text>+</text>
      <textColor>4294967295</textColor>
      <textSize>10</textSize>
      <lineSpacing>0</lineSpacing>
      <useDefaultTextSize>False</useDefaultTextSize>
      <selectedIndex>-1</selectedIndex>
    </control>
    <control controlID="FAB1A83C-9AD3-4215-A724-456A698D2622" controlTypeID="Label" x="884" y="997" w="99" h="15" zOrder="71">
      <font family="Segoe+UI" displayName="Segoe+UI+Bold" postScript="" weightStyle="Bold" weight="700" isBold="True" isItalic="False"/>
      <text>+</text>
      <textColor>4294260598</textColor>
      <textSize>11</textSize>
      <lineSpacing>0</lineSpacing>
      <textStyles>[fsBold]</textStyles>
      <useDefaultTextSize>False</useDefaultTextSize>
      <selectedIndex>-1</selectedIndex>
    </control>
    <control controlID="833F20F4-06F7-417D-BED2-25BF53107751" controlTypeID="Label" x="946" y="1035" w="77" h="15" zOrder="72">
      <font family="Segoe+UI" displayName="Segoe+UI+Bold" postScript="" weightStyle="Bold" weight="700" isBold="True" isItalic="False"/>
      <text>%E5%8D%96%E6%96%B9%E5%AE%9A%E4%BB%B7%EF%BC%9A49.8</text>
      <textSize>11</textSize>
      <lineSpacing>0</lineSpacing>
      <textStyles>[fsBold]</textStyles>
      <useDefaultTextSize>False</useDefaultTextSize>
      <selectedIndex>-1</selectedIndex>
    </control>
    <control controlID="1FDA06AD-9DCE-449E-B0F2-6A79E59FD0AE" controlTypeID="HRule" x="843" y="1010" w="180" h="12" zOrder="73">
      <color>4293190884</color>
      <thickness>1</thickness>
    </control>
    <control controlID="C63E4506-3D87-45A8-9842-713B08B9CA61" controlTypeID="Label" x="935" y="1021" w="88" h="14" zOrder="74">
      <font family="Segoe+UI" displayName="Segoe+UI" postScript="" weightStyle="Regular" weight="400" isBold="False" isItalic="False"/>
      <text>%E5%8D%96%E6%96%B9%E5%85%81%E8%AE%B8%E4%BB%B7%E6%A0%BC%E5%95%86%E8%AE%AE</text>
      <textColor>4287006342</textColor>
      <textSize>11</textSize>
      <lineSpacing>0</lineSpacing>
      <useDefaultTextSize>False</useDefaultTextSize>
      <selectedIndex>-1</selectedIndex>
    </control>
    <control controlID="230CD85B-D6F1-4882-841A-409703DB5CBE" controlTypeID="Label" x="977" y="952" w="36" h="19" zOrder="75">
      <font family="Segoe+UI" displayName="Segoe+UI" postScript="" weightStyle="Regular" weight="400" isBold="False" isItalic="False"/>
      <text>9%E6%88%90%E6%96%B0</text>
      <textColor>4278190335</textColor>
      <lineSpacing>0</lineSpacing>
      <selectedIndex>-1</selectedIndex>
    </control>
    <control controlID="843523D1-302E-4636-B8A8-5B21676CC674" controlTypeID="Image" x="58" y="558" w="178" h="463" zOrder="76"/>
    <control controlID="1368AA72-7547-46D4-88FD-5352ABF73F73" controlTypeID="Shape" x="58" y="878" w="150" h="50" zOrder="77">
      <color>2874233169</color>
      <borderVisible>False</borderVisible>
      <font family="%E5%BE%AE%E8%BD%AF%E9%9B%85%E9%BB%91" displayName="%E5%BE%AE%E8%BD%AF%E9%9B%85%E9%BB%91" postScript="" weightStyle="Regular" weight="400" isBold="False" isItalic="False"/>
      <textSize>14</textSize>
      <selectedIndex>-1</selectedIndex>
    </control>
    <control controlID="9B5D789F-BD2C-4652-A938-C74A64DB565D" controlTypeID="Label" x="123" y="885" w="70" h="19" zOrder="78">
      <font family="%E5%BE%AE%E8%BD%AF%E9%9B%85%E9%BB%91" displayName="%E5%BE%AE%E8%BD%AF%E9%9B%85%E9%BB%91" postScript="" weightStyle="Regular" weight="400" isBold="False" isItalic="False"/>
      <text>%E7%B2%BE%E7%BE%8E%E8%BF%91%E5%85%A8%E6%96%B0</text>
      <textColor>4294967295</textColor>
      <lineSpacing>0</lineSpacing>
      <selectedIndex>-1</selectedIndex>
    </control>
    <control controlID="CC5A571C-073E-44E7-8705-2B46D1A1BB1A" controlTypeID="Label" x="122" y="903" w="56" h="19" zOrder="79">
      <font family="%E5%BE%AE%E8%BD%AF%E9%9B%85%E9%BB%91" displayName="%E5%BE%AE%E8%BD%AF%E9%9B%85%E9%BB%91" postScript="" weightStyle="Regular" weight="400" isBold="False" isItalic="False"/>
      <text>%E4%BA%8C%E6%89%8B%E5%9B%BE%E4%B9%A6</text>
      <textColor>4294967295</textColor>
      <lineSpacing>0</lineSpacing>
      <selectedIndex>-1</selectedIndex>
    </control>
    <control controlID="AD9C0077-51D6-49AF-BDB8-55921A59FC21" controlTypeID="Shape" x="58" y="879" w="54" h="49" zOrder="80">
      <color>3556769792</color>
      <borderVisible>False</borderVisible>
      <font family="%E5%BE%AE%E8%BD%AF%E9%9B%85%E9%BB%91" displayName="%E5%BE%AE%E8%BD%AF%E9%9B%85%E9%BB%91" postScript="" weightStyle="Regular" weight="400" isBold="False" isItalic="False"/>
      <textSize>14</textSize>
      <selectedIndex>-1</selectedIndex>
    </control>
    <control controlID="CDFF2BF4-72C0-4BCF-B1AE-EF129BF74BD9" controlTypeID="Label" x="72" y="885" w="28" h="19" zOrder="81">
      <font family="%E5%BE%AE%E8%BD%AF%E9%9B%85%E9%BB%91" displayName="%E5%BE%AE%E8%BD%AF%E9%9B%85%E9%BB%91" postScript="" weightStyle="Regular" weight="400" isBold="False" isItalic="False"/>
      <text>%E4%B9%A6%E5%93%81</text>
      <textColor>4294967295</textColor>
      <lineSpacing>0</lineSpacing>
      <selectedIndex>-1</selectedIndex>
    </control>
    <control controlID="FBC2E489-DD49-4C84-A165-FC597EF213E2" controlTypeID="Label" x="72" y="902" w="28" h="19" zOrder="82">
      <font family="%E5%BE%AE%E8%BD%AF%E9%9B%85%E9%BB%91" displayName="%E5%BE%AE%E8%BD%AF%E9%9B%85%E9%BB%91" postScript="" weightStyle="Regular" weight="400" isBold="False" isItalic="False"/>
      <text>%E7%B2%BE%E9%80%89</text>
      <textColor>4294967295</textColor>
      <lineSpacing>0</lineSpacing>
      <selectedIndex>-1</selectedIndex>
    </control>
    <control controlID="3CD4A289-B4EA-4E34-8D3C-658719DF59B4" controlTypeID="Image" x="269" y="1082" w="181" h="179" zOrder="83"/>
    <control controlID="87C3C0F2-0A9F-486B-ABDA-552457C50B86" controlTypeID="Shape" x="269" y="1244" w="181" h="17" zOrder="84">
      <color>3041084227</color>
      <borderVisible>False</borderVisible>
      <font family="Segoe+UI" displayName="Segoe+UI" postScript="" weightStyle="Regular" weight="400" isBold="False" isItalic="False"/>
      <textSize>14</textSize>
      <selectedIndex>-1</selectedIndex>
    </control>
    <control controlID="20299971-FBAF-44C6-A9F8-58BFA5CCD233" controlTypeID="Label" x="320" y="1245" w="80" h="14" zOrder="85">
      <font family="Segoe+UI" displayName="Segoe+UI" postScript="" weightStyle="Regular" weight="400" isBold="False" isItalic="False"/>
      <text>+</text>
      <textColor>4294967295</textColor>
      <textSize>10</textSize>
      <lineSpacing>0</lineSpacing>
      <useDefaultTextSize>False</useDefaultTextSize>
      <selectedIndex>-1</selectedIndex>
    </control>
    <control controlID="95CBA5F8-5952-41B0-B411-5ABC3EFA40B3" controlTypeID="Label" x="311" y="1264" w="99" h="15" zOrder="86">
      <font family="Segoe+UI" displayName="Segoe+UI+Bold" postScript="" weightStyle="Bold" weight="700" isBold="True" isItalic="False"/>
      <text>+</text>
      <textColor>4294260598</textColor>
      <textSize>11</textSize>
      <lineSpacing>0</lineSpacing>
      <textStyles>[fsBold]</textStyles>
      <useDefaultTextSize>False</useDefaultTextSize>
      <selectedIndex>-1</selectedIndex>
    </control>
    <control controlID="0C0FA9C3-D248-451A-AD7C-8DF05DE2F6AE" controlTypeID="Label" x="373" y="1302" w="77" h="15" zOrder="87">
      <font family="Segoe+UI" displayName="Segoe+UI+Bold" postScript="" weightStyle="Bold" weight="700" isBold="True" isItalic="False"/>
      <text>%E5%8D%96%E6%96%B9%E5%AE%9A%E4%BB%B7%EF%BC%9A49.8</text>
      <textSize>11</textSize>
      <lineSpacing>0</lineSpacing>
      <textStyles>[fsBold]</textStyles>
      <useDefaultTextSize>False</useDefaultTextSize>
      <selectedIndex>-1</selectedIndex>
    </control>
    <control controlID="1A2B8161-A44F-4C1C-B795-76EC85C65172" controlTypeID="HRule" x="270" y="1277" w="180" h="12" zOrder="88">
      <color>4293190884</color>
      <thickness>1</thickness>
    </control>
    <control controlID="FF139D1B-4AF5-4C03-B323-39028B7613DB" controlTypeID="Label" x="362" y="1288" w="88" h="14" zOrder="89">
      <font family="Segoe+UI" displayName="Segoe+UI" postScript="" weightStyle="Regular" weight="400" isBold="False" isItalic="False"/>
      <text>%E5%8D%96%E6%96%B9%E5%85%81%E8%AE%B8%E4%BB%B7%E6%A0%BC%E5%95%86%E8%AE%AE</text>
      <textColor>4287006342</textColor>
      <textSize>11</textSize>
      <lineSpacing>0</lineSpacing>
      <useDefaultTextSize>False</useDefaultTextSize>
      <selectedIndex>-1</selectedIndex>
    </control>
    <control controlID="81E16AE6-2E8E-44F0-9440-B0244640BAB9" controlTypeID="Label" x="404" y="1219" w="36" h="19" zOrder="90">
      <font family="Segoe+UI" displayName="Segoe+UI" postScript="" weightStyle="Regular" weight="400" isBold="False" isItalic="False"/>
      <text>9%E6%88%90%E6%96%B0</text>
      <textColor>4278190335</textColor>
      <lineSpacing>0</lineSpacing>
      <selectedIndex>-1</selectedIndex>
    </control>
    <control controlID="856EB122-8BDB-46CE-A1ED-3CA7F4044FC8" controlTypeID="Image" x="460" y="1082" w="181" h="179" zOrder="91"/>
    <control controlID="EFD73DAE-D0A7-4983-A369-0F45C03AB497" controlTypeID="Shape" x="460" y="1244" w="181" h="17" zOrder="92">
      <color>3041084227</color>
      <borderVisible>False</borderVisible>
      <font family="Segoe+UI" displayName="Segoe+UI" postScript="" weightStyle="Regular" weight="400" isBold="False" isItalic="False"/>
      <textSize>14</textSize>
      <selectedIndex>-1</selectedIndex>
    </control>
    <control controlID="C38164A6-F290-44A0-B0A7-897075995D45" controlTypeID="Label" x="511" y="1245" w="80" h="14" zOrder="93">
      <font family="Segoe+UI" displayName="Segoe+UI" postScript="" weightStyle="Regular" weight="400" isBold="False" isItalic="False"/>
      <text>+</text>
      <textColor>4294967295</textColor>
      <textSize>10</textSize>
      <lineSpacing>0</lineSpacing>
      <useDefaultTextSize>False</useDefaultTextSize>
      <selectedIndex>-1</selectedIndex>
    </control>
    <control controlID="3FEC7663-DBB6-4FE8-A2E7-4641E0B09C32" controlTypeID="Label" x="502" y="1264" w="99" h="15" zOrder="94">
      <font family="Segoe+UI" displayName="Segoe+UI+Bold" postScript="" weightStyle="Bold" weight="700" isBold="True" isItalic="False"/>
      <text>+</text>
      <textColor>4294260598</textColor>
      <textSize>11</textSize>
      <lineSpacing>0</lineSpacing>
      <textStyles>[fsBold]</textStyles>
      <useDefaultTextSize>False</useDefaultTextSize>
      <selectedIndex>-1</selectedIndex>
    </control>
    <control controlID="C2B26A43-A575-459F-B64A-A304B295029D" controlTypeID="Label" x="564" y="1302" w="77" h="15" zOrder="95">
      <font family="Segoe+UI" displayName="Segoe+UI+Bold" postScript="" weightStyle="Bold" weight="700" isBold="True" isItalic="False"/>
      <text>%E5%8D%96%E6%96%B9%E5%AE%9A%E4%BB%B7%EF%BC%9A49.8</text>
      <textSize>11</textSize>
      <lineSpacing>0</lineSpacing>
      <textStyles>[fsBold]</textStyles>
      <useDefaultTextSize>False</useDefaultTextSize>
      <selectedIndex>-1</selectedIndex>
    </control>
    <control controlID="F87D3620-3E0D-46EE-929E-B31026A55A78" controlTypeID="HRule" x="461" y="1277" w="180" h="12" zOrder="96">
      <color>4293190884</color>
      <thickness>1</thickness>
    </control>
    <control controlID="9DCA4F92-E96C-4D05-B337-D28887DCBB55" controlTypeID="Label" x="553" y="1288" w="88" h="14" zOrder="97">
      <font family="Segoe+UI" displayName="Segoe+UI" postScript="" weightStyle="Regular" weight="400" isBold="False" isItalic="False"/>
      <text>%E5%8D%96%E6%96%B9%E5%85%81%E8%AE%B8%E4%BB%B7%E6%A0%BC%E5%95%86%E8%AE%AE</text>
      <textColor>4287006342</textColor>
      <textSize>11</textSize>
      <lineSpacing>0</lineSpacing>
      <useDefaultTextSize>False</useDefaultTextSize>
      <selectedIndex>-1</selectedIndex>
    </control>
    <control controlID="B5F815F4-A2DD-4A5A-9D45-3231D1993BC5" controlTypeID="Label" x="595" y="1219" w="36" h="19" zOrder="98">
      <font family="Segoe+UI" displayName="Segoe+UI" postScript="" weightStyle="Regular" weight="400" isBold="False" isItalic="False"/>
      <text>9%E6%88%90%E6%96%B0</text>
      <textColor>4278190335</textColor>
      <lineSpacing>0</lineSpacing>
      <selectedIndex>-1</selectedIndex>
    </control>
    <control controlID="35B0071E-D846-472A-8274-76571712DFFD" controlTypeID="Image" x="651" y="1082" w="181" h="179" zOrder="99"/>
    <control controlID="21835E02-6D2C-436A-BDA1-C3C0D892A16B" controlTypeID="Shape" x="651" y="1244" w="181" h="17" zOrder="100">
      <color>3041084227</color>
      <borderVisible>False</borderVisible>
      <font family="Segoe+UI" displayName="Segoe+UI" postScript="" weightStyle="Regular" weight="400" isBold="False" isItalic="False"/>
      <textSize>14</textSize>
      <selectedIndex>-1</selectedIndex>
    </control>
    <control controlID="5F4407B3-54B6-4561-8539-B8F05C72E39F" controlTypeID="Label" x="702" y="1245" w="80" h="14" zOrder="101">
      <font family="Segoe+UI" displayName="Segoe+UI" postScript="" weightStyle="Regular" weight="400" isBold="False" isItalic="False"/>
      <text>+</text>
      <textColor>4294967295</textColor>
      <textSize>10</textSize>
      <lineSpacing>0</lineSpacing>
      <useDefaultTextSize>False</useDefaultTextSize>
      <selectedIndex>-1</selectedIndex>
    </control>
    <control controlID="577E7F60-B8A0-49BD-B1F0-CB0006A00103" controlTypeID="Label" x="693" y="1264" w="99" h="15" zOrder="102">
      <font family="Segoe+UI" displayName="Segoe+UI+Bold" postScript="" weightStyle="Bold" weight="700" isBold="True" isItalic="False"/>
      <text>+</text>
      <textColor>4294260598</textColor>
      <textSize>11</textSize>
      <lineSpacing>0</lineSpacing>
      <textStyles>[fsBold]</textStyles>
      <useDefaultTextSize>False</useDefaultTextSize>
      <selectedIndex>-1</selectedIndex>
    </control>
    <control controlID="B7294981-1EE0-4614-A538-2638C618DC2B" controlTypeID="Label" x="755" y="1302" w="77" h="15" zOrder="103">
      <font family="Segoe+UI" displayName="Segoe+UI+Bold" postScript="" weightStyle="Bold" weight="700" isBold="True" isItalic="False"/>
      <text>%E5%8D%96%E6%96%B9%E5%AE%9A%E4%BB%B7%EF%BC%9A49.8</text>
      <textSize>11</textSize>
      <lineSpacing>0</lineSpacing>
      <textStyles>[fsBold]</textStyles>
      <useDefaultTextSize>False</useDefaultTextSize>
      <selectedIndex>-1</selectedIndex>
    </control>
    <control controlID="214E8EF8-CCB3-43C9-AB50-568489B0CEDF" controlTypeID="HRule" x="652" y="1277" w="180" h="12" zOrder="104">
      <color>4293190884</color>
      <thickness>1</thickness>
    </control>
    <control controlID="B5E5FB6A-9518-4E46-9DDE-DAD7E6CA8E48" controlTypeID="Label" x="744" y="1288" w="88" h="14" zOrder="105">
      <font family="Segoe+UI" displayName="Segoe+UI" postScript="" weightStyle="Regular" weight="400" isBold="False" isItalic="False"/>
      <text>%E5%8D%96%E6%96%B9%E5%85%81%E8%AE%B8%E4%BB%B7%E6%A0%BC%E5%95%86%E8%AE%AE</text>
      <textColor>4287006342</textColor>
      <textSize>11</textSize>
      <lineSpacing>0</lineSpacing>
      <useDefaultTextSize>False</useDefaultTextSize>
      <selectedIndex>-1</selectedIndex>
    </control>
    <control controlID="CE4374D2-8602-46B2-80CB-1C0477446A6C" controlTypeID="Label" x="786" y="1219" w="36" h="19" zOrder="106">
      <font family="Segoe+UI" displayName="Segoe+UI" postScript="" weightStyle="Regular" weight="400" isBold="False" isItalic="False"/>
      <text>9%E6%88%90%E6%96%B0</text>
      <textColor>4278190335</textColor>
      <lineSpacing>0</lineSpacing>
      <selectedIndex>-1</selectedIndex>
    </control>
    <control controlID="63667A4A-8C2F-4A37-B2EA-57E6AA01E282" controlTypeID="Image" x="842" y="1082" w="181" h="179" zOrder="107"/>
    <control controlID="AC3BC529-DC0B-4161-BB5D-457A433F5B9F" controlTypeID="Shape" x="842" y="1244" w="181" h="17" zOrder="108">
      <color>3041084227</color>
      <borderVisible>False</borderVisible>
      <font family="Segoe+UI" displayName="Segoe+UI" postScript="" weightStyle="Regular" weight="400" isBold="False" isItalic="False"/>
      <textSize>14</textSize>
      <selectedIndex>-1</selectedIndex>
    </control>
    <control controlID="9C4DB8E6-7679-4DFE-982C-3224B5405801" controlTypeID="Label" x="893" y="1245" w="80" h="14" zOrder="109">
      <font family="Segoe+UI" displayName="Segoe+UI" postScript="" weightStyle="Regular" weight="400" isBold="False" isItalic="False"/>
      <text>+</text>
      <textColor>4294967295</textColor>
      <textSize>10</textSize>
      <lineSpacing>0</lineSpacing>
      <useDefaultTextSize>False</useDefaultTextSize>
      <selectedIndex>-1</selectedIndex>
    </control>
    <control controlID="2ADFAC52-0532-4D0B-9A98-D96E064BB002" controlTypeID="Label" x="884" y="1264" w="99" h="15" zOrder="110">
      <font family="Segoe+UI" displayName="Segoe+UI+Bold" postScript="" weightStyle="Bold" weight="700" isBold="True" isItalic="False"/>
      <text>+</text>
      <textColor>4294260598</textColor>
      <textSize>11</textSize>
      <lineSpacing>0</lineSpacing>
      <textStyles>[fsBold]</textStyles>
      <useDefaultTextSize>False</useDefaultTextSize>
      <selectedIndex>-1</selectedIndex>
    </control>
    <control controlID="4D6DBF92-D134-41E2-AFF3-DA3CCBF51955" controlTypeID="Label" x="946" y="1302" w="77" h="15" zOrder="111">
      <font family="Segoe+UI" displayName="Segoe+UI+Bold" postScript="" weightStyle="Bold" weight="700" isBold="True" isItalic="False"/>
      <text>%E5%8D%96%E6%96%B9%E5%AE%9A%E4%BB%B7%EF%BC%9A49.8</text>
      <textSize>11</textSize>
      <lineSpacing>0</lineSpacing>
      <textStyles>[fsBold]</textStyles>
      <useDefaultTextSize>False</useDefaultTextSize>
      <selectedIndex>-1</selectedIndex>
    </control>
    <control controlID="49651D07-A92F-4806-A688-B57D2122941F" controlTypeID="HRule" x="843" y="1277" w="180" h="12" zOrder="112">
      <color>4293190884</color>
      <thickness>1</thickness>
    </control>
    <control controlID="81F22A13-9154-4DD1-A624-4F6B665DF0F0" controlTypeID="Label" x="935" y="1288" w="88" h="14" zOrder="113">
      <font family="Segoe+UI" displayName="Segoe+UI" postScript="" weightStyle="Regular" weight="400" isBold="False" isItalic="False"/>
      <text>%E5%8D%96%E6%96%B9%E5%85%81%E8%AE%B8%E4%BB%B7%E6%A0%BC%E5%95%86%E8%AE%AE</text>
      <textColor>4287006342</textColor>
      <textSize>11</textSize>
      <lineSpacing>0</lineSpacing>
      <useDefaultTextSize>False</useDefaultTextSize>
      <selectedIndex>-1</selectedIndex>
    </control>
    <control controlID="E97C53CA-BC1A-4EBE-BB69-DD060933F0FF" controlTypeID="Label" x="977" y="1219" w="36" h="19" zOrder="114">
      <font family="Segoe+UI" displayName="Segoe+UI" postScript="" weightStyle="Regular" weight="400" isBold="False" isItalic="False"/>
      <text>9%E6%88%90%E6%96%B0</text>
      <textColor>4278190335</textColor>
      <lineSpacing>0</lineSpacing>
      <selectedIndex>-1</selectedIndex>
    </control>
    <control controlID="3C283A41-4520-4991-9F41-A634CBD178D8" controlTypeID="Image" x="269" y="1337" w="181" h="179" zOrder="115"/>
    <control controlID="CA055242-9D63-466D-B9C6-136549D2F32F" controlTypeID="Shape" x="269" y="1499" w="181" h="17" zOrder="116">
      <color>3041084227</color>
      <borderVisible>False</borderVisible>
      <font family="Segoe+UI" displayName="Segoe+UI" postScript="" weightStyle="Regular" weight="400" isBold="False" isItalic="False"/>
      <textSize>14</textSize>
      <selectedIndex>-1</selectedIndex>
    </control>
    <control controlID="FEF19077-F867-4ED3-98C7-2BFF920ADDF6" controlTypeID="Label" x="320" y="1500" w="80" h="14" zOrder="117">
      <font family="Segoe+UI" displayName="Segoe+UI" postScript="" weightStyle="Regular" weight="400" isBold="False" isItalic="False"/>
      <text>+</text>
      <textColor>4294967295</textColor>
      <textSize>10</textSize>
      <lineSpacing>0</lineSpacing>
      <useDefaultTextSize>False</useDefaultTextSize>
      <selectedIndex>-1</selectedIndex>
    </control>
    <control controlID="C62E2DA3-88E9-4243-ADAA-D5BB0AA7CFAF" controlTypeID="Label" x="311" y="1519" w="99" h="15" zOrder="118">
      <font family="Segoe+UI" displayName="Segoe+UI+Bold" postScript="" weightStyle="Bold" weight="700" isBold="True" isItalic="False"/>
      <text>+</text>
      <textColor>4294260598</textColor>
      <textSize>11</textSize>
      <lineSpacing>0</lineSpacing>
      <textStyles>[fsBold]</textStyles>
      <useDefaultTextSize>False</useDefaultTextSize>
      <selectedIndex>-1</selectedIndex>
    </control>
    <control controlID="B7266087-F10E-4A81-8922-8AA125672BD4" controlTypeID="Label" x="373" y="1557" w="77" h="15" zOrder="119">
      <font family="Segoe+UI" displayName="Segoe+UI+Bold" postScript="" weightStyle="Bold" weight="700" isBold="True" isItalic="False"/>
      <text>%E5%8D%96%E6%96%B9%E5%AE%9A%E4%BB%B7%EF%BC%9A49.8</text>
      <textSize>11</textSize>
      <lineSpacing>0</lineSpacing>
      <textStyles>[fsBold]</textStyles>
      <useDefaultTextSize>False</useDefaultTextSize>
      <selectedIndex>-1</selectedIndex>
    </control>
    <control controlID="1C5F343B-B934-455C-8FCF-F9942256411C" controlTypeID="HRule" x="270" y="1532" w="180" h="12" zOrder="120">
      <color>4293190884</color>
      <thickness>1</thickness>
    </control>
    <control controlID="591ED423-DD3B-48A0-96DB-54F910908F03" controlTypeID="Label" x="362" y="1543" w="88" h="14" zOrder="121">
      <font family="Segoe+UI" displayName="Segoe+UI" postScript="" weightStyle="Regular" weight="400" isBold="False" isItalic="False"/>
      <text>%E5%8D%96%E6%96%B9%E5%85%81%E8%AE%B8%E4%BB%B7%E6%A0%BC%E5%95%86%E8%AE%AE</text>
      <textColor>4287006342</textColor>
      <textSize>11</textSize>
      <lineSpacing>0</lineSpacing>
      <useDefaultTextSize>False</useDefaultTextSize>
      <selectedIndex>-1</selectedIndex>
    </control>
    <control controlID="E5C1624B-25BB-491D-96C8-42C7308B2140" controlTypeID="Label" x="404" y="1474" w="36" h="19" zOrder="122">
      <font family="Segoe+UI" displayName="Segoe+UI" postScript="" weightStyle="Regular" weight="400" isBold="False" isItalic="False"/>
      <text>9%E6%88%90%E6%96%B0</text>
      <textColor>4278190335</textColor>
      <lineSpacing>0</lineSpacing>
      <selectedIndex>-1</selectedIndex>
    </control>
    <control controlID="D5EC4893-7D2C-4CE3-8D36-F4E6C00BD237" controlTypeID="Image" x="460" y="1337" w="181" h="179" zOrder="123"/>
    <control controlID="CB77A40A-694F-4535-A4DE-BDA7932033F2" controlTypeID="Shape" x="460" y="1499" w="181" h="17" zOrder="124">
      <color>3041084227</color>
      <borderVisible>False</borderVisible>
      <font family="Segoe+UI" displayName="Segoe+UI" postScript="" weightStyle="Regular" weight="400" isBold="False" isItalic="False"/>
      <textSize>14</textSize>
      <selectedIndex>-1</selectedIndex>
    </control>
    <control controlID="CE92AA3C-CC4C-4EB5-B6BA-709946F99F1C" controlTypeID="Label" x="511" y="1500" w="80" h="14" zOrder="125">
      <font family="Segoe+UI" displayName="Segoe+UI" postScript="" weightStyle="Regular" weight="400" isBold="False" isItalic="False"/>
      <text>+</text>
      <textColor>4294967295</textColor>
      <textSize>10</textSize>
      <lineSpacing>0</lineSpacing>
      <useDefaultTextSize>False</useDefaultTextSize>
      <selectedIndex>-1</selectedIndex>
    </control>
    <control controlID="A57B9559-7E04-4A44-9E65-A8AE8D5AF34D" controlTypeID="Label" x="502" y="1519" w="99" h="15" zOrder="126">
      <font family="Segoe+UI" displayName="Segoe+UI+Bold" postScript="" weightStyle="Bold" weight="700" isBold="True" isItalic="False"/>
      <text>+</text>
      <textColor>4294260598</textColor>
      <textSize>11</textSize>
      <lineSpacing>0</lineSpacing>
      <textStyles>[fsBold]</textStyles>
      <useDefaultTextSize>False</useDefaultTextSize>
      <selectedIndex>-1</selectedIndex>
    </control>
    <control controlID="13C6EC34-A36D-438C-B9FE-41913672D7DD" controlTypeID="Label" x="564" y="1557" w="77" h="15" zOrder="127">
      <font family="Segoe+UI" displayName="Segoe+UI+Bold" postScript="" weightStyle="Bold" weight="700" isBold="True" isItalic="False"/>
      <text>%E5%8D%96%E6%96%B9%E5%AE%9A%E4%BB%B7%EF%BC%9A49.8</text>
      <textSize>11</textSize>
      <lineSpacing>0</lineSpacing>
      <textStyles>[fsBold]</textStyles>
      <useDefaultTextSize>False</useDefaultTextSize>
      <selectedIndex>-1</selectedIndex>
    </control>
    <control controlID="D2A8EF9C-2F3D-449F-904C-2EDD576BEBA5" controlTypeID="HRule" x="461" y="1532" w="180" h="12" zOrder="128">
      <color>4293190884</color>
      <thickness>1</thickness>
    </control>
    <control controlID="E0217CBC-9955-4BBE-B656-0873E2477AC0" controlTypeID="Label" x="553" y="1543" w="88" h="14" zOrder="129">
      <font family="Segoe+UI" displayName="Segoe+UI" postScript="" weightStyle="Regular" weight="400" isBold="False" isItalic="False"/>
      <text>%E5%8D%96%E6%96%B9%E5%85%81%E8%AE%B8%E4%BB%B7%E6%A0%BC%E5%95%86%E8%AE%AE</text>
      <textColor>4287006342</textColor>
      <textSize>11</textSize>
      <lineSpacing>0</lineSpacing>
      <useDefaultTextSize>False</useDefaultTextSize>
      <selectedIndex>-1</selectedIndex>
    </control>
    <control controlID="894AE6BF-8852-4A04-B070-A494EE4BBF2F" controlTypeID="Label" x="595" y="1474" w="36" h="19" zOrder="130">
      <font family="Segoe+UI" displayName="Segoe+UI" postScript="" weightStyle="Regular" weight="400" isBold="False" isItalic="False"/>
      <text>9%E6%88%90%E6%96%B0</text>
      <textColor>4278190335</textColor>
      <lineSpacing>0</lineSpacing>
      <selectedIndex>-1</selectedIndex>
    </control>
    <control controlID="59820EFE-E76A-415D-BB07-445946D213F0" controlTypeID="Image" x="651" y="1337" w="181" h="179" zOrder="131"/>
    <control controlID="ED384423-E90F-4922-9D11-4F9F391C49CA" controlTypeID="Shape" x="651" y="1499" w="181" h="17" zOrder="132">
      <color>3041084227</color>
      <borderVisible>False</borderVisible>
      <font family="Segoe+UI" displayName="Segoe+UI" postScript="" weightStyle="Regular" weight="400" isBold="False" isItalic="False"/>
      <textSize>14</textSize>
      <selectedIndex>-1</selectedIndex>
    </control>
    <control controlID="4C20102B-10AE-42C4-857F-410BAF7304FE" controlTypeID="Label" x="702" y="1500" w="80" h="14" zOrder="133">
      <font family="Segoe+UI" displayName="Segoe+UI" postScript="" weightStyle="Regular" weight="400" isBold="False" isItalic="False"/>
      <text>+</text>
      <textColor>4294967295</textColor>
      <textSize>10</textSize>
      <lineSpacing>0</lineSpacing>
      <useDefaultTextSize>False</useDefaultTextSize>
      <selectedIndex>-1</selectedIndex>
    </control>
    <control controlID="30204344-110D-400C-8B26-4669E1835434" controlTypeID="Label" x="693" y="1519" w="99" h="15" zOrder="134">
      <font family="Segoe+UI" displayName="Segoe+UI+Bold" postScript="" weightStyle="Bold" weight="700" isBold="True" isItalic="False"/>
      <text>+</text>
      <textColor>4294260598</textColor>
      <textSize>11</textSize>
      <lineSpacing>0</lineSpacing>
      <textStyles>[fsBold]</textStyles>
      <useDefaultTextSize>False</useDefaultTextSize>
      <selectedIndex>-1</selectedIndex>
    </control>
    <control controlID="3A922DF6-AF8E-43D2-890A-FF56C1382A77" controlTypeID="Label" x="755" y="1557" w="77" h="15" zOrder="135">
      <font family="Segoe+UI" displayName="Segoe+UI+Bold" postScript="" weightStyle="Bold" weight="700" isBold="True" isItalic="False"/>
      <text>%E5%8D%96%E6%96%B9%E5%AE%9A%E4%BB%B7%EF%BC%9A49.8</text>
      <textSize>11</textSize>
      <lineSpacing>0</lineSpacing>
      <textStyles>[fsBold]</textStyles>
      <useDefaultTextSize>False</useDefaultTextSize>
      <selectedIndex>-1</selectedIndex>
    </control>
    <control controlID="635101B4-DE70-47DF-A3A0-7F5071F66A71" controlTypeID="HRule" x="652" y="1532" w="180" h="12" zOrder="136">
      <color>4293190884</color>
      <thickness>1</thickness>
    </control>
    <control controlID="CF363A90-3A8F-4437-B580-3B9F5A917A30" controlTypeID="Label" x="744" y="1543" w="88" h="14" zOrder="137">
      <font family="Segoe+UI" displayName="Segoe+UI" postScript="" weightStyle="Regular" weight="400" isBold="False" isItalic="False"/>
      <text>%E5%8D%96%E6%96%B9%E5%85%81%E8%AE%B8%E4%BB%B7%E6%A0%BC%E5%95%86%E8%AE%AE</text>
      <textColor>4287006342</textColor>
      <textSize>11</textSize>
      <lineSpacing>0</lineSpacing>
      <useDefaultTextSize>False</useDefaultTextSize>
      <selectedIndex>-1</selectedIndex>
    </control>
    <control controlID="BFD3FEAA-800C-46D7-B23A-5D5AC9780B5E" controlTypeID="Label" x="786" y="1474" w="36" h="19" zOrder="138">
      <font family="Segoe+UI" displayName="Segoe+UI" postScript="" weightStyle="Regular" weight="400" isBold="False" isItalic="False"/>
      <text>9%E6%88%90%E6%96%B0</text>
      <textColor>4278190335</textColor>
      <lineSpacing>0</lineSpacing>
      <selectedIndex>-1</selectedIndex>
    </control>
    <control controlID="ED546496-B0C1-4F8C-B523-92613E57F35F" controlTypeID="Image" x="842" y="1337" w="181" h="179" zOrder="139"/>
    <control controlID="FAD9FA29-0183-451E-88BC-5800A77A7091" controlTypeID="Shape" x="842" y="1499" w="181" h="17" zOrder="140">
      <color>3041084227</color>
      <borderVisible>False</borderVisible>
      <font family="Segoe+UI" displayName="Segoe+UI" postScript="" weightStyle="Regular" weight="400" isBold="False" isItalic="False"/>
      <textSize>14</textSize>
      <selectedIndex>-1</selectedIndex>
    </control>
    <control controlID="60BB4890-4548-4663-979D-E27E9B035ABF" controlTypeID="Label" x="893" y="1500" w="80" h="14" zOrder="141">
      <font family="Segoe+UI" displayName="Segoe+UI" postScript="" weightStyle="Regular" weight="400" isBold="False" isItalic="False"/>
      <text>+</text>
      <textColor>4294967295</textColor>
      <textSize>10</textSize>
      <lineSpacing>0</lineSpacing>
      <useDefaultTextSize>False</useDefaultTextSize>
      <selectedIndex>-1</selectedIndex>
    </control>
    <control controlID="2B0776F6-A5D7-43AB-9DD0-E3DB7C95F141" controlTypeID="Label" x="884" y="1519" w="99" h="15" zOrder="142">
      <font family="Segoe+UI" displayName="Segoe+UI+Bold" postScript="" weightStyle="Bold" weight="700" isBold="True" isItalic="False"/>
      <text>+</text>
      <textColor>4294260598</textColor>
      <textSize>11</textSize>
      <lineSpacing>0</lineSpacing>
      <textStyles>[fsBold]</textStyles>
      <useDefaultTextSize>False</useDefaultTextSize>
      <selectedIndex>-1</selectedIndex>
    </control>
    <control controlID="469A633C-E3C5-4C18-BC43-8C1945DD841D" controlTypeID="Label" x="946" y="1557" w="77" h="15" zOrder="143">
      <font family="Segoe+UI" displayName="Segoe+UI+Bold" postScript="" weightStyle="Bold" weight="700" isBold="True" isItalic="False"/>
      <text>%E5%8D%96%E6%96%B9%E5%AE%9A%E4%BB%B7%EF%BC%9A49.8</text>
      <textSize>11</textSize>
      <lineSpacing>0</lineSpacing>
      <textStyles>[fsBold]</textStyles>
      <useDefaultTextSize>False</useDefaultTextSize>
      <selectedIndex>-1</selectedIndex>
    </control>
    <control controlID="78D32214-71E6-47AD-92A4-BCF62B93618C" controlTypeID="HRule" x="843" y="1532" w="180" h="12" zOrder="144">
      <color>4293190884</color>
      <thickness>1</thickness>
    </control>
    <control controlID="88CAF031-5580-4B25-9470-2D14EE1EBFE9" controlTypeID="Label" x="935" y="1543" w="88" h="14" zOrder="145">
      <font family="Segoe+UI" displayName="Segoe+UI" postScript="" weightStyle="Regular" weight="400" isBold="False" isItalic="False"/>
      <text>%E5%8D%96%E6%96%B9%E5%85%81%E8%AE%B8%E4%BB%B7%E6%A0%BC%E5%95%86%E8%AE%AE</text>
      <textColor>4287006342</textColor>
      <textSize>11</textSize>
      <lineSpacing>0</lineSpacing>
      <useDefaultTextSize>False</useDefaultTextSize>
      <selectedIndex>-1</selectedIndex>
    </control>
    <control controlID="97629D93-9A7E-4A88-9125-3B1EBDC47E84" controlTypeID="Label" x="977" y="1474" w="36" h="19" zOrder="146">
      <font family="Segoe+UI" displayName="Segoe+UI" postScript="" weightStyle="Regular" weight="400" isBold="False" isItalic="False"/>
      <text>9%E6%88%90%E6%96%B0</text>
      <textColor>4278190335</textColor>
      <lineSpacing>0</lineSpacing>
      <selectedIndex>-1</selectedIndex>
    </control>
    <control controlID="280846B4-DB8A-4870-A079-F804C9A4F714" controlTypeID="Image" x="58" y="1080" w="178" h="463" zOrder="147"/>
    <control controlID="5D96E9C7-DE2E-4C28-9643-FE27FD9F9CC9" controlTypeID="Shape" x="58" y="1400" w="150" h="50" zOrder="148">
      <color>2874233169</color>
      <borderVisible>False</borderVisible>
      <font family="%E5%BE%AE%E8%BD%AF%E9%9B%85%E9%BB%91" displayName="%E5%BE%AE%E8%BD%AF%E9%9B%85%E9%BB%91" postScript="" weightStyle="Regular" weight="400" isBold="False" isItalic="False"/>
      <textSize>14</textSize>
      <selectedIndex>-1</selectedIndex>
    </control>
    <control controlID="E790B89A-1378-4CDB-BA9C-A84C53557E9C" controlTypeID="Label" x="123" y="1407" w="70" h="19" zOrder="149">
      <font family="%E5%BE%AE%E8%BD%AF%E9%9B%85%E9%BB%91" displayName="%E5%BE%AE%E8%BD%AF%E9%9B%85%E9%BB%91" postScript="" weightStyle="Regular" weight="400" isBold="False" isItalic="False"/>
      <text>%E7%B2%BE%E7%BE%8E%E8%BF%91%E5%85%A8%E6%96%B0</text>
      <textColor>4294967295</textColor>
      <lineSpacing>0</lineSpacing>
      <selectedIndex>-1</selectedIndex>
    </control>
    <control controlID="9B13E698-26B9-48F8-B0CA-03C0188760CC" controlTypeID="Label" x="122" y="1425" w="56" h="19" zOrder="150">
      <font family="%E5%BE%AE%E8%BD%AF%E9%9B%85%E9%BB%91" displayName="%E5%BE%AE%E8%BD%AF%E9%9B%85%E9%BB%91" postScript="" weightStyle="Regular" weight="400" isBold="False" isItalic="False"/>
      <text>%E4%BA%8C%E6%89%8B%E5%9B%BE%E4%B9%A6</text>
      <textColor>4294967295</textColor>
      <lineSpacing>0</lineSpacing>
      <selectedIndex>-1</selectedIndex>
    </control>
    <control controlID="C2878049-D519-45AA-9594-0716BD79E53E" controlTypeID="Shape" x="58" y="1401" w="54" h="49" zOrder="151">
      <color>3556769792</color>
      <borderVisible>False</borderVisible>
      <font family="%E5%BE%AE%E8%BD%AF%E9%9B%85%E9%BB%91" displayName="%E5%BE%AE%E8%BD%AF%E9%9B%85%E9%BB%91" postScript="" weightStyle="Regular" weight="400" isBold="False" isItalic="False"/>
      <textSize>14</textSize>
      <selectedIndex>-1</selectedIndex>
    </control>
    <control controlID="07E8AF84-DEB0-4EC3-BC7E-918B79A45379" controlTypeID="Label" x="72" y="1407" w="28" h="19" zOrder="152">
      <font family="%E5%BE%AE%E8%BD%AF%E9%9B%85%E9%BB%91" displayName="%E5%BE%AE%E8%BD%AF%E9%9B%85%E9%BB%91" postScript="" weightStyle="Regular" weight="400" isBold="False" isItalic="False"/>
      <text>%E4%B9%A6%E5%93%81</text>
      <textColor>4294967295</textColor>
      <lineSpacing>0</lineSpacing>
      <selectedIndex>-1</selectedIndex>
    </control>
    <control controlID="4BF0ADC4-AC67-41FB-847D-513D126936EB" controlTypeID="Label" x="72" y="1424" w="28" h="19" zOrder="153">
      <font family="%E5%BE%AE%E8%BD%AF%E9%9B%85%E9%BB%91" displayName="%E5%BE%AE%E8%BD%AF%E9%9B%85%E9%BB%91" postScript="" weightStyle="Regular" weight="400" isBold="False" isItalic="False"/>
      <text>%E7%B2%BE%E9%80%89</text>
      <textColor>4294967295</textColor>
      <lineSpacing>0</lineSpacing>
      <selectedIndex>-1</selectedIndex>
    </control>
    <control controlID="A57A280D-2495-4628-ABE3-294877C0226D" controlTypeID="Image" x="184" y="25" w="197" h="75" zOrder="154">
      <caption>logo</caption>
    </control>
    <control controlID="BD2883F5-505F-4825-B08A-A9C7E29953C7" controlTypeID="Shape" x="813" y="41" w="98" h="30" zOrder="155">
      <color>4287090411</color>
      <borderColor>4287090411</borderColor>
      <borderVisible>False</borderVisible>
      <font family="Segoe+UI" displayName="Segoe+UI" postScript="" weightStyle="Regular" weight="400" isBold="False" isItalic="False"/>
      <textSize>14</textSize>
      <selectedIndex>-1</selectedIndex>
      <thickness>5</thickness>
    </control>
    <control controlID="104E7072-C7B7-4430-8AB1-4B59C81A014D" controlTypeID="TextInput" x="446" y="41" w="377" h="30" zOrder="156">
      <borderColor>4287090411</borderColor>
      <font family="Segoe+UI" displayName="Segoe+UI" postScript="" weightStyle="Regular" weight="400" isBold="False" isItalic="False"/>
      <textColor>4286151033</textColor>
      <textSize>11</textSize>
      <lineSpacing>0</lineSpacing>
      <useDefaultTextSize>False</useDefaultTextSize>
      <selectedIndex>-1</selectedIndex>
    </control>
    <control controlID="9B4A2070-39CB-4381-ADC3-9E9FEB72D729" controlTypeID="Shape" x="0" y="0" w="1100" h="20" zOrder="157">
      <font family="Segoe+UI" displayName="Segoe+UI" postScript="" weightStyle="Regular" weight="400" isBold="False" isItalic="False"/>
      <textSize>14</textSize>
      <selectedIndex>-1</selectedIndex>
      <borderMode>[bmTop,bmBottom]</borderMode>
    </control>
    <control controlID="B658DA29-7643-4A7A-87C0-1BF32C7AA70B" controlTypeID="Label" x="847" y="45" w="32" h="21" zOrder="158">
      <font family="Segoe+UI" displayName="Segoe+UI" postScript="" weightStyle="Regular" weight="400" isBold="False" isItalic="False"/>
      <text>%E6%90%9C%E7%B4%A2</text>
      <textSize>16</textSize>
      <lineSpacing>0</lineSpacing>
      <useDefaultTextSize>False</useDefaultTextSize>
      <selectedIndex>-1</selectedIndex>
    </control>
    <control controlID="BBAEAB3E-782C-46B9-B759-855488754B4D" controlTypeID="Label" x="188" y="2" w="107" h="14" zOrder="159">
      <font family="Segoe+UI" displayName="Segoe+UI" postScript="" weightStyle="Regular" weight="400" isBold="False" isItalic="False"/>
      <text>%E5%96%B5%EF%BC%8C%E6%AC%A2%E8%BF%8E%E6%9D%A5%E5%88%B0%E6%A0%A1%E5%9B%AD%E6%98%93%E8%B4%AD%7E</text>
      <textColor>4286151033</textColor>
      <textSize>10</textSize>
      <lineSpacing>0</lineSpacing>
      <useDefaultTextSize>False</useDefaultTextSize>
      <selectedIndex>-1</selectedIndex>
    </control>
    <control controlID="E1D140A1-700B-4AA4-9262-852134260767" controlTypeID="Label" x="305" y="2" w="30" h="13" zOrder="160">
      <states>
        <state propName="TextColor" stateType="state_mouseOver" isChecked="True" value="4278229503" varType="20"/>
      </states>
      <interactiveData>
        <entry title="">
          <area shape="0" alt="" ID="{D55046E5-D4D4-45C7-88A4-6D8A80A60204}" coords="(0,0,30,13)"/>
          <events title="">
            <event eventType="atClick" isChecked="True">
              <behaviour title="" isChecked="True" isWait="False" isLoop="False" execMode="emParallel">
                <target targetID="76718610-81AF-4F58-BB28-AD5E815DFB30" isChecked="True" isAutoRecovery="False" isLoop="False" execMode="emSequence">
                  <command name="Popup State Change" isChecked="True" descrition="">
                    <param name="AniInterpolation" value="0" varType="3" description=""/>
                    <param name="AniDuration" value="200" varType="3" description=""/>
                    <param name="AniAutoReverse" value="False" varType="11" description=""/>
                    <param name="AniLoop" value="False" varType="11" description=""/>
                    <param name="AniInterpolationTypeOut" value="False" varType="11" description=""/>
                    <param name="Delay" value="0" varType="3" description=""/>
                    <param name="Value" value="2" varType="3" description=""/>
                    <param name="AniType" value="0" varType="3" description=""/>
                  </command>
                </target>
              </behaviour>
            </event>
          </events>
        </entry>
      </interactiveData>
      <font family="Segoe+UI" displayName="Segoe+UI" postScript="" weightStyle="Regular" weight="400" isBold="False" isItalic="False"/>
      <text>%E8%AF%B7%E7%99%BB%E5%BD%95</text>
      <textColor>4286151033</textColor>
      <textSize>10</textSize>
      <lineSpacing>0</lineSpacing>
      <useDefaultTextSize>False</useDefaultTextSize>
      <selectedIndex>-1</selectedIndex>
    </control>
    <control controlID="8ABB21C6-6411-49B1-BA25-B633F8CAAB49" controlTypeID="Label" x="350" y="2" w="40" h="13" zOrder="161">
      <states>
        <state propName="TextColor" stateType="state_mouseOver" isChecked="True" value="4278229503" varType="20"/>
      </states>
      <interactiveData>
        <entry title="">
          <area shape="0" alt="" ID="{EDADCA52-D5DD-41B2-8FA0-49E2F5908157}" coords="(0,0,40,13)"/>
          <events title="">
            <event eventType="atClick" isChecked="True">
              <behaviour title="" isChecked="True" isWait="False" isLoop="False" execMode="emParallel">
                <target targetID="EC8C382D-8879-4BD0-99BF-B8EF466057E4" isChecked="True" isAutoRecovery="False" isLoop="False" execMode="emSequence">
                  <command name="Popup State Change" isChecked="True" descrition="">
                    <param name="AniInterpolation" value="0" varType="3" description=""/>
                    <param name="AniDuration" value="200" varType="3" description=""/>
                    <param name="AniAutoReverse" value="False" varType="11" description=""/>
                    <param name="AniLoop" value="False" varType="11" description=""/>
                    <param name="AniInterpolationTypeOut" value="False" varType="11" description=""/>
                    <param name="Delay" value="0" varType="3" description=""/>
                    <param name="Value" value="2" varType="3" description=""/>
                    <param name="AniType" value="0" varType="3" description=""/>
                  </command>
                </target>
              </behaviour>
            </event>
          </events>
        </entry>
      </interactiveData>
      <font family="Segoe+UI" displayName="Segoe+UI" postScript="" weightStyle="Regular" weight="400" isBold="False" isItalic="False"/>
      <text>%E5%85%8D%E8%B4%B9%E6%B3%A8%E5%86%8C</text>
      <textColor>4286151033</textColor>
      <textSize>10</textSize>
      <lineSpacing>0</lineSpacing>
      <useDefaultTextSize>False</useDefaultTextSize>
      <selectedIndex>-1</selectedIndex>
    </control>
    <control controlID="F00BF504-F263-474C-8AFE-982A535BDBAF" controlTypeID="Label" x="663" y="2" w="40" h="13" zOrder="162">
      <states>
        <state propName="TextColor" stateType="state_mouseOver" isChecked="True" value="4278229503" varType="20"/>
      </states>
      <links eventType="AtClick" animate="AmNone" animateAutoDelay="0" animateDuration="500">
        <link targetPageID="A1C944E3-E884-459E-BFBF-F1FF4C9C63F1" linkType="ltPageLink" isApplyIncludePage="False" title="%E4%B8%AA%E4%BA%BA%E4%B8%AD%E5%BF%83%E2%80%94%E2%80%94%E6%88%91%E7%9A%84%E5%8F%91%E5%B8%83">
          <area shape="0" alt="" ID="{C6FF30E2-62F8-4366-800A-8438C4005AAE}" coords="(0,0,40,13)"/>
        </link>
      </links>
      <font family="Segoe+UI" displayName="Segoe+UI" postScript="" weightStyle="Regular" weight="400" isBold="False" isItalic="False"/>
      <text>%E4%B8%AA%E4%BA%BA%E4%B8%AD%E5%BF%83</text>
      <textColor>4286151033</textColor>
      <textSize>10</textSize>
      <lineSpacing>0</lineSpacing>
      <useDefaultTextSize>False</useDefaultTextSize>
      <selectedIndex>-1</selectedIndex>
    </control>
    <control controlID="BA066183-D189-4ECF-B8DB-1F9CB140CA8F" controlTypeID="Label" x="733" y="2" w="40" h="13" zOrder="163">
      <states>
        <state propName="TextColor" stateType="state_mouseOver" isChecked="True" value="4278229503" varType="20"/>
      </states>
      <links eventType="AtClick" animate="AmNone" animateAutoDelay="0" animateDuration="500">
        <link targetPageID="1A1718FD-AB9C-4470-839F-9A7C6778F166" linkType="ltPageLink" isApplyIncludePage="False" title="%E4%B8%AA%E4%BA%BA%E4%B8%AD%E5%BF%83%E2%80%94%E2%80%94%E6%88%91%E7%9A%84%E6%B1%82%E8%B4%AD">
          <area shape="0" alt="" ID="{F8861C4B-CF7E-4109-B63A-A43327726B0F}" coords="(0,0,40,13)"/>
        </link>
      </links>
      <font family="Segoe+UI" displayName="Segoe+UI" postScript="" weightStyle="Regular" weight="400" isBold="False" isItalic="False"/>
      <text>%E6%88%91%E7%9A%84%E6%B1%82%E8%B4%AD</text>
      <textColor>4286151033</textColor>
      <textSize>10</textSize>
      <lineSpacing>0</lineSpacing>
      <useDefaultTextSize>False</useDefaultTextSize>
      <selectedIndex>-1</selectedIndex>
    </control>
    <control controlID="CA3989F7-A1BC-40BA-A633-76273D1ED360" controlTypeID="Label" x="802" y="2" w="40" h="13" zOrder="164">
      <states>
        <state propName="TextColor" stateType="state_mouseOver" isChecked="True" value="4278229503" varType="20"/>
      </states>
      <links eventType="AtClick" animate="AmNone" animateAutoDelay="0" animateDuration="500">
        <link targetPageID="EF1C3BF4-9892-4D78-A9BF-9ACC0EE7501B" linkType="ltPageLink" isApplyIncludePage="False" title="%E4%B8%AA%E4%BA%BA%E4%B8%AD%E5%BF%83%E2%80%94%E2%80%94%E6%88%91%E7%9A%84%E6%94%B6%E8%97%8F">
          <area shape="0" alt="" ID="{ADAED4E1-F406-49BF-A360-9D3AA5AAAA2A}" coords="(0,0,40,13)"/>
        </link>
      </links>
      <font family="Segoe+UI" displayName="Segoe+UI" postScript="" weightStyle="Regular" weight="400" isBold="False" isItalic="False"/>
      <text>%E6%88%91%E7%9A%84%E6%94%B6%E8%97%8F</text>
      <textColor>4286151033</textColor>
      <textSize>10</textSize>
      <lineSpacing>0</lineSpacing>
      <useDefaultTextSize>False</useDefaultTextSize>
      <selectedIndex>-1</selectedIndex>
    </control>
    <control controlID="6E6A50C3-8C10-40AA-83F3-A24FEBC00CCA" controlTypeID="Label" x="871" y="2" w="40" h="13" zOrder="165">
      <states>
        <state propName="TextColor" stateType="state_mouseOver" isChecked="True" value="4278229503" varType="20"/>
      </states>
      <links eventType="AtClick" animate="AmNone" animateAutoDelay="0" animateDuration="500">
        <link targetPageID="61CCA56E-892B-439F-8476-01629D18DD8A" linkType="ltPageLink" isApplyIncludePage="False" title="%E4%B8%AA%E4%BA%BA%E4%B8%AD%E5%BF%83%E2%80%94%E2%80%94%E6%88%91%E7%9A%84%E8%AE%A2%E5%8D%95">
          <area shape="0" alt="" ID="{DCCD1DB3-31B4-414B-91FB-E5C5AEA3951F}" coords="(0,0,40,13)"/>
        </link>
      </links>
      <font family="Segoe+UI" displayName="Segoe+UI" postScript="" weightStyle="Regular" weight="400" isBold="False" isItalic="False"/>
      <text>%E6%88%91%E7%9A%84%E8%AE%A2%E5%8D%95</text>
      <textColor>4286151033</textColor>
      <textSize>10</textSize>
      <lineSpacing>0</lineSpacing>
      <useDefaultTextSize>False</useDefaultTextSize>
      <selectedIndex>-1</selectedIndex>
    </control>
    <control controlID="A81FD21C-3CDE-4669-B56C-13707235EF16" controlTypeID="Line" x="0" y="110" w="1099" h="1" zOrder="166">
      <font family="Segoe+UI" displayName="Segoe+UI" postScript="" weightStyle="Regular" weight="400" isBold="False" isItalic="False"/>
      <textSize>14</textSize>
      <lineSpacing>0</lineSpacing>
      <selectedIndex>-1</selectedIndex>
      <controlPoint>(550,0)</controlPoint>
      <startPoint>(0,0)</startPoint>
      <endPoint>(1099,0)</endPoint>
    </control>
    <control controlID="D048AD43-8577-40F5-96BB-53EC1353EE3C" controlTypeID="Label" x="940" y="2" w="40" h="13" zOrder="167">
      <states>
        <state propName="TextColor" stateType="state_mouseOver" isChecked="True" value="4278229503" varType="20"/>
      </states>
      <links eventType="AtClick" animate="AmNone" animateAutoDelay="0" animateDuration="500">
        <link targetPageID="EDE0E2B2-27B4-41CE-A002-F1851339F69C" linkType="ltPageLink" isApplyIncludePage="False" title="%E5%8F%91%E5%B8%83%E6%B1%82%E8%B4%AD">
          <area shape="0" alt="" ID="{DCCD1DB3-31B4-414B-91FB-E5C5AEA3951F}" coords="(0,0,40,13)"/>
        </link>
      </links>
      <font family="Segoe+UI" displayName="Segoe+UI" postScript="" weightStyle="Regular" weight="400" isBold="False" isItalic="False"/>
      <text>%E6%B1%82%E8%B4%AD%E5%95%86%E5%93%81</text>
      <textColor>4286151033</textColor>
      <textSize>10</textSize>
      <lineSpacing>0</lineSpacing>
      <useDefaultTextSize>False</useDefaultTextSize>
      <selectedIndex>-1</selectedIndex>
    </control>
    <control controlID="8B571377-71C4-4D1E-813F-FB26AA354A2F" controlTypeID="Label" x="1009" y="2" w="40" h="13" zOrder="168">
      <states>
        <state propName="TextColor" stateType="state_mouseOver" isChecked="True" value="4278229503" varType="20"/>
      </states>
      <links eventType="AtClick" animate="AmNone" animateAutoDelay="0" animateDuration="500">
        <link targetPageID="67261209-D3CC-40CA-9C85-5E38FCAE98E2" linkType="ltPageLink" isApplyIncludePage="False" title="%E5%8D%96%E5%AE%B6%E5%A1%AB%E5%85%A5%E5%95%86%E5%93%81%E4%BF%A1%E6%81%AF%E7%95%8C%E9%9D%A2">
          <area shape="0" alt="" ID="{DCCD1DB3-31B4-414B-91FB-E5C5AEA3951F}" coords="(0,0,40,13)"/>
        </link>
      </links>
      <font family="Segoe+UI" displayName="Segoe+UI" postScript="" weightStyle="Regular" weight="400" isBold="False" isItalic="False"/>
      <text>%E5%8F%91%E5%B8%83%E5%95%86%E5%93%81</text>
      <textColor>4286151033</textColor>
      <textSize>10</textSize>
      <lineSpacing>0</lineSpacing>
      <useDefaultTextSize>False</useDefaultTextSize>
      <selectedIndex>-1</selectedIndex>
    </control>
    <control controlID="76718610-81AF-4F58-BB28-AD5E815DFB30" controlTypeID="PopupPanel" x="20" y="30" w="46" h="46" zOrder="169">
      <groupChildrenDescriptors>
        <control controlID="639FFBEA-188F-46B9-9D57-BBCBBB72ED2C" controlTypeID="Panel" x="0" y="0" w="1100" h="2000" zOrder="0">
          <locked>True</locked>
          <color>1879048192</color>
          <borderVisible>False</borderVisible>
          <canMove>False</canMove>
          <alias>background</alias>
          <groupChildrenDescriptors>
            <control controlID="E25114D8-495A-4890-8B3D-53F9CF07E691" controlTypeID="Border" x="0" y="0" w="1100" h="2000" zOrder="0">
              <borderVisible>False</borderVisible>
              <alias>borderLayer</alias>
            </control>
          </groupChildrenDescriptors>
          <thinkness>1</thinkness>
        </control>
        <control controlID="0348D128-B759-44DB-8AEE-163F5D95E38C" controlTypeID="PopupPanelContent" x="343" y="162" w="379" h="367" zOrder="1">
          <color>16777215</color>
          <alias>content</alias>
          <groupChildrenDescriptors>
            <control controlID="993AF6D7-714F-4839-9E26-192EC777D2C2" controlTypeID="TextArea" x="0" y="0" w="379" h="367" zOrder="0">
              <color>4294967295</color>
              <borderColor>4278190080</borderColor>
              <borderVisible>True</borderVisible>
              <font family="%E5%BE%AE%E8%BD%AF%E9%9B%85%E9%BB%91" displayName="%E5%BE%AE%E8%BD%AF%E9%9B%85%E9%BB%91" postScript="" weightStyle="Regular" weight="400" isBold="False" isItalic="False" useDefaultFontFamily="False"/>
              <selectedIndex>-1</selectedIndex>
            </control>
            <control controlID="0EAB4FB0-7D6F-43E8-B2C7-33AEF9D6A87A" controlTypeID="Label" x="39" y="45" w="80" h="26" zOrder="1">
              <links eventType="AtClick" animate="AmNone" animateAutoDelay="0" animateDuration="500">
                <link targetPageID="11880DA6-F11E-4B12-A7C4-CC5810EE0894" linkType="ltPageLink" isApplyIncludePage="False" title="%E7%99%BB%E5%BD%95">
                  <area shape="0" alt="" ID="{C6971F6E-60C3-40F3-AE2D-950FB953E0EC}" coords="(0,0,80,26)"/>
                </link>
              </links>
              <font family="Segoe+UI" displayName="Segoe+UI" postScript="" weightStyle="Regular" weight="400" isBold="False" isItalic="False"/>
              <text>%E6%89%8B%E6%9C%BA%E7%99%BB%E5%BD%95</text>
              <textSize>20</textSize>
              <lineSpacing>0</lineSpacing>
              <useDefaultTextSize>False</useDefaultTextSize>
              <selectedIndex>-1</selectedIndex>
            </control>
            <control controlID="6687303A-D1B0-4624-8189-9003452CF2D4" controlTypeID="Label" x="147" y="45" w="80" h="26" zOrder="2">
              <opacity>0.5</opacity>
              <links eventType="AtClick" animate="AmNone" animateAutoDelay="0" animateDuration="500">
                <link targetPageID="3F9238B6-9656-4BB7-8BD5-419EE3370727" linkType="ltPageLink" isApplyIncludePage="False" title="%E7%9F%AD%E6%81%AF%E7%99%BB%E5%BD%95">
                  <area shape="0" alt="" ID="{DD4B7E9F-1E09-4E0C-B8DD-3BFE6C9B6D4E}" coords="(0,0,80,26)"/>
                </link>
              </links>
              <font family="Segoe+UI" displayName="Segoe+UI" postScript="" weightStyle="Regular" weight="400" isBold="False" isItalic="False"/>
              <text>%E7%9F%AD%E4%BF%A1%E7%99%BB%E9%99%86</text>
              <textSize>20</textSize>
              <lineSpacing>0</lineSpacing>
              <useDefaultTextSize>False</useDefaultTextSize>
              <selectedIndex>-1</selectedIndex>
            </control>
            <control controlID="B98FE509-CEAD-4114-AFBF-138E420D635D" controlTypeID="Label" x="255" y="45" w="80" h="26" zOrder="3">
              <opacity>0.5</opacity>
              <links eventType="AtClick" animate="AmNone" animateAutoDelay="0" animateDuration="500">
                <link targetPageID="9DCC9335-8024-4385-B46E-1195C6B44A4A" linkType="ltPageLink" isApplyIncludePage="False" title="%E9%82%AE%E7%AE%B1%E7%99%BB%E5%BD%95">
                  <area shape="0" alt="" ID="{3B939549-F163-4C47-BDA9-67A2062BC423}" coords="(0,0,80,26)"/>
                </link>
              </links>
              <font family="Segoe+UI" displayName="Segoe+UI" postScript="" weightStyle="Regular" weight="400" isBold="False" isItalic="False"/>
              <text>%E9%82%AE%E7%AE%B1%E7%99%BB%E5%BD%95</text>
              <textSize>20</textSize>
              <lineSpacing>0</lineSpacing>
              <useDefaultTextSize>False</useDefaultTextSize>
              <selectedIndex>-1</selectedIndex>
            </control>
            <control controlID="EBAD4A88-B0DB-46AD-91B7-18449AE69EB8" controlTypeID="RedX" x="13" y="15" w="17" h="17" zOrder="4"/>
            <control controlID="85439008-CEF3-4DC1-8AF0-DBF9B25DE3D5" controlTypeID="TextInput" x="39" y="118" w="296" h="43" zOrder="5">
              <font family="Segoe+UI" displayName="Segoe+UI" postScript="" weightStyle="Regular" weight="400" isBold="False" isItalic="False"/>
              <lineSpacing>0</lineSpacing>
              <selectedIndex>-1</selectedIndex>
              <placeHolder>%E8%BE%93%E5%85%A5%E6%89%8B%E6%9C%BA%E5%8F%B7</placeHolder>
              <radius>5</radius>
            </control>
            <control controlID="F470C858-8CDF-4E86-A439-2BEE5347BF53" controlTypeID="TextInput" x="39" y="188" w="296" h="43" zOrder="6">
              <font family="Segoe+UI" displayName="Segoe+UI" postScript="" weightStyle="Regular" weight="400" isBold="False" isItalic="False"/>
              <lineSpacing>0</lineSpacing>
              <selectedIndex>-1</selectedIndex>
              <placeHolder>%E8%BE%93%E5%85%A5%E5%AF%86%E7%A0%81</placeHolder>
              <radius>5</radius>
            </control>
            <control controlID="47A76DAC-1296-49EF-9BDA-47C4CE1DE952" controlTypeID="Shape" x="39" y="290" w="296" h="43" zOrder="7">
              <color>4281175280</color>
              <font family="Segoe+UI" displayName="Segoe+UI" postScript="" weightStyle="Regular" weight="400" isBold="False" isItalic="False"/>
              <text>%E7%99%BB%E5%BD%95</text>
              <textColor>4294967295</textColor>
              <textSize>14</textSize>
              <useDefaultTextSize>False</useDefaultTextSize>
              <selectedIndex>-1</selectedIndex>
              <radius>5</radius>
            </control>
            <control controlID="8A1A9F66-4048-477B-847A-048098BCDDE4" controlTypeID="Label" x="293" y="254" w="42" h="18" zOrder="8">
              <links eventType="AtClick" animate="AmNone" animateAutoDelay="0" animateDuration="500">
                <link targetPageID="12E71447-7923-45BB-8B9E-8750F88695AE" linkType="ltPageLink" isApplyIncludePage="False" title="%E6%89%8B%E6%9C%BA%E6%B3%A8%E5%86%8C">
                  <area shape="0" alt="" ID="{6F6C6177-9760-45B5-9751-0AA79C72CDB9}" coords="(0,0,42,18)"/>
                </link>
              </links>
              <font family="Segoe+UI" displayName="Segoe+UI" postScript="" weightStyle="Regular" weight="400" isBold="False" isItalic="False"/>
              <text>%E5%8E%BB%E6%B3%A8%E5%86%8C</text>
              <lineSpacing>0</lineSpacing>
              <selectedIndex>-1</selectedIndex>
            </control>
          </groupChildrenDescriptors>
        </control>
      </groupChildrenDescriptors>
      <aniType>dnFade</aniType>
    </control>
    <control controlID="EC8C382D-8879-4BD0-99BF-B8EF466057E4" controlTypeID="PopupPanel" x="93" y="30" w="46" h="46" zOrder="170">
      <groupChildrenDescriptors>
        <control controlID="9FAB5F5C-42F9-4395-A7AF-36E6221C7E81" controlTypeID="Panel" x="0" y="0" w="1100" h="2000" zOrder="0">
          <locked>True</locked>
          <color>1879048192</color>
          <borderVisible>False</borderVisible>
          <canMove>False</canMove>
          <alias>background</alias>
          <groupChildrenDescriptors>
            <control controlID="2E687DC2-845A-4926-B2E4-36A4EAE7CFC6" controlTypeID="Border" x="0" y="0" w="1100" h="2000" zOrder="0">
              <borderVisible>False</borderVisible>
              <alias>borderLayer</alias>
            </control>
          </groupChildrenDescriptors>
          <thinkness>1</thinkness>
        </control>
        <control controlID="14029F96-22F5-45F1-BE69-90EAF51B3E34" controlTypeID="PopupPanelContent" x="360" y="148" w="379" h="433" zOrder="1">
          <color>16777215</color>
          <alias>content</alias>
          <groupChildrenDescriptors>
            <control controlID="FB421C4A-7EAE-4750-98CA-2D40B84336FE" controlTypeID="TextArea" x="0" y="0" w="379" h="433" zOrder="0">
              <color>4294967295</color>
              <borderColor>4278190080</borderColor>
              <borderVisible>True</borderVisible>
              <font family="%E5%BE%AE%E8%BD%AF%E9%9B%85%E9%BB%91" displayName="%E5%BE%AE%E8%BD%AF%E9%9B%85%E9%BB%91" postScript="" weightStyle="Regular" weight="400" isBold="False" isItalic="False" useDefaultFontFamily="False"/>
              <selectedIndex>-1</selectedIndex>
            </control>
            <control controlID="FBC5764C-C4BB-49A6-9851-8F5E4CBDFFC4" controlTypeID="Label" x="74" y="44" w="96" h="31" zOrder="1">
              <font family="Segoe+UI" displayName="Segoe+UI" postScript="" weightStyle="Regular" weight="400" isBold="False" isItalic="False"/>
              <text>%E6%89%8B%E6%9C%BA%E6%B3%A8%E5%86%8C</text>
              <textSize>24</textSize>
              <lineSpacing>0</lineSpacing>
              <useDefaultTextSize>False</useDefaultTextSize>
              <selectedIndex>-1</selectedIndex>
            </control>
            <control controlID="087C7F8D-23D1-4295-AFD1-1BD0BD29A7EE" controlTypeID="RedX" x="13" y="15" w="17" h="17" zOrder="2"/>
            <control controlID="89D19873-E54C-4E1E-BAC4-B977E9A91100" controlTypeID="Shape" x="39" y="118" w="296" h="43" zOrder="3">
              <color>4294111986</color>
              <font family="Segoe+UI" displayName="Segoe+UI" postScript="" weightStyle="Regular" weight="400" isBold="False" isItalic="False" useDefaultFontFamily="False"/>
              <textSize>14</textSize>
              <selectedIndex>-1</selectedIndex>
              <radius>5</radius>
            </control>
            <control controlID="8614BBFD-872A-4AEC-8072-19545174F34D" controlTypeID="Shape" x="39" y="188" w="296" h="43" zOrder="4">
              <color>4294111986</color>
              <font family="Segoe+UI" displayName="Segoe+UI" postScript="" weightStyle="Regular" weight="400" isBold="False" isItalic="False" useDefaultFontFamily="False"/>
              <textSize>14</textSize>
              <selectedIndex>-1</selectedIndex>
              <radius>5</radius>
            </control>
            <control controlID="44D07321-0795-464B-A653-99BC71C6C712" controlTypeID="Label" x="54" y="201" w="56" h="18" zOrder="5">
              <color>15000804</color>
              <opacity>0.5</opacity>
              <font family="Segoe+UI" displayName="Segoe+UI" postScript="" weightStyle="Regular" weight="400" isBold="False" isItalic="False"/>
              <text>%E8%BE%93%E5%85%A5%E5%AF%86%E7%A0%81</text>
              <lineSpacing>0</lineSpacing>
              <selectedIndex>-1</selectedIndex>
            </control>
            <control controlID="707FB874-45EE-4CA4-82B8-2864CFF4FF23" controlTypeID="Label" x="54" y="131" w="70" h="18" zOrder="6">
              <states>
                <state propName="Text" stateType="state_mouseOver" isChecked="True" value="%E8%BE%93%E5%85%A5%E6%89%8B%E6%9C%BA%E5%8F%B7" varType="256"/>
              </states>
              <color>4294111986</color>
              <opacity>0.5</opacity>
              <font family="Segoe+UI" displayName="Segoe+UI" postScript="" weightStyle="Regular" weight="400" isBold="False" isItalic="False"/>
              <text>%E8%BE%93%E5%85%A5%E6%89%8B%E6%9C%BA%E5%8F%B7</text>
              <lineSpacing>0</lineSpacing>
              <selectedIndex>-1</selectedIndex>
            </control>
            <control controlID="2B621584-6B0E-45DD-A7CA-6E9330D407E1" controlTypeID="Label" x="293" y="315" w="42" h="18" zOrder="7">
              <font family="Segoe+UI" displayName="Segoe+UI" postScript="" weightStyle="Regular" weight="400" isBold="False" isItalic="False"/>
              <text>%E5%8E%BB%E7%99%BB%E9%99%86</text>
              <lineSpacing>0</lineSpacing>
              <selectedIndex>-1</selectedIndex>
            </control>
            <control controlID="56D6A487-9E31-491C-AF0E-FF5164C032C6" controlTypeID="Shape" x="39" y="349" w="296" h="43" zOrder="8">
              <color>4281175280</color>
              <font family="Segoe+UI" displayName="Segoe+UI" postScript="" weightStyle="Regular" weight="400" isBold="False" isItalic="False"/>
              <text>%E6%B3%A8%E5%86%8C</text>
              <textColor>4294967295</textColor>
              <textSize>14</textSize>
              <useDefaultTextSize>False</useDefaultTextSize>
              <selectedIndex>-1</selectedIndex>
              <radius>5</radius>
            </control>
            <control controlID="696D36D6-F103-4CF2-999A-85CB8D42C116" controlTypeID="Label" x="202" y="44" w="96" h="31" zOrder="9">
              <opacity>0.5</opacity>
              <links eventType="AtClick" animate="AmNone" animateAutoDelay="0" animateDuration="500">
                <link targetPageID="F9F61EF6-8EDE-4B08-A471-F09997320174" linkType="ltPageLink" isApplyIncludePage="False" title="%E9%82%AE%E7%AE%B1%E6%B3%A8%E5%86%8C">
                  <area shape="0" alt="" ID="{4ADDC1C9-AB5E-4478-BF93-74296016F45D}" coords="(0,0,96,31)"/>
                </link>
              </links>
              <font family="Segoe+UI" displayName="Segoe+UI" postScript="" weightStyle="Regular" weight="400" isBold="False" isItalic="False"/>
              <text>%E9%82%AE%E7%AE%B1%E6%B3%A8%E5%86%8C</text>
              <textSize>24</textSize>
              <lineSpacing>0</lineSpacing>
              <useDefaultTextSize>False</useDefaultTextSize>
              <selectedIndex>-1</selectedIndex>
            </control>
            <control controlID="934CC46A-87F0-4061-AAFF-7034B59B9884" controlTypeID="Shape" x="39" y="258" w="296" h="43" zOrder="10">
              <color>4294111986</color>
              <font family="Segoe+UI" displayName="Segoe+UI" postScript="" weightStyle="Regular" weight="400" isBold="False" isItalic="False" useDefaultFontFamily="False"/>
              <textSize>14</textSize>
              <selectedIndex>-1</selectedIndex>
              <radius>5</radius>
            </control>
            <control controlID="5F28E3F8-EE55-4139-8610-7A7A2107E442" controlTypeID="Label" x="54" y="271" w="70" h="18" zOrder="11">
              <color>15000804</color>
              <opacity>0.5</opacity>
              <font family="Segoe+UI" displayName="Segoe+UI" postScript="" weightStyle="Regular" weight="400" isBold="False" isItalic="False"/>
              <text>%E8%BE%93%E5%85%A5%E9%AA%8C%E8%AF%81%E7%A0%81</text>
              <lineSpacing>0</lineSpacing>
              <selectedIndex>-1</selectedIndex>
            </control>
            <control controlID="F58C24D4-6CB6-466A-94DA-55E576C4358A" controlTypeID="Shape" x="226" y="258" w="109" h="43" zOrder="12">
              <color>4281175280</color>
              <font family="Segoe+UI" displayName="Segoe+UI" postScript="" weightStyle="Regular" weight="400" isBold="False" isItalic="False"/>
              <text>%E8%8E%B7%E5%8F%96%E9%AA%8C%E8%AF%81%E7%A0%81</text>
              <textColor>4294967295</textColor>
              <textSize>14</textSize>
              <useDefaultTextSize>False</useDefaultTextSize>
              <selectedIndex>-1</selectedIndex>
              <radius>5</radius>
            </control>
          </groupChildrenDescriptors>
        </control>
      </groupChildrenDescriptors>
      <aniType>dnFade</aniType>
    </control>
  </controls>
  <param>
    <backgroundColor>4294967295</backgroundColor>
    <fontSize>14</fontSize>
    <fontFamily>Segoe+UI</fontFamily>
    <guideLines/>
  </param>
</mockup>