﻿<mockup version="5.3" minAllowVersion="5.3" ID="ECB97A6A-B61C-4C88-9A05-512D2804A00C" platform="MtWeb" defaultW="1100" defaultH="1120" measureW="1100" measureH="865" mobileScreenScale="0">
  <controls controlCount="44">
    <control controlID="97E7943D-76BA-4DF1-8DFC-4F793C90AB26" controlTypeID="Label" x="296" y="180" w="64" h="21" zOrder="0">
      <opacity>0.699999988079071</opacity>
      <font family="Segoe+UI" displayName="Segoe+UI" postScript="" weightStyle="Regular" weight="400" isBold="False" isItalic="False"/>
      <text>%E4%B8%AA%E4%BA%BA%E8%B5%84%E6%96%99</text>
      <textSize>16</textSize>
      <lineSpacing>0</lineSpacing>
      <useDefaultTextSize>False</useDefaultTextSize>
      <selectedIndex>-1</selectedIndex>
    </control>
    <control controlID="3EE46476-C9C5-49F7-9EFE-8726B53193C4" controlTypeID="Line" x="291" y="214" w="689" h="1" zOrder="1">
      <opacity>0.200000002980232</opacity>
      <font family="Segoe+UI" displayName="Segoe+UI" postScript="" weightStyle="Regular" weight="400" isBold="False" isItalic="False"/>
      <textSize>14</textSize>
      <lineSpacing>0</lineSpacing>
      <selectedIndex>-1</selectedIndex>
      <controlPoint>(344,0)</controlPoint>
      <startPoint>(0,0)</startPoint>
      <endPoint>(689,0)</endPoint>
    </control>
    <control controlID="CA15295E-70C7-4B2B-884D-0ED0B190E9A9" controlTypeID="Image" x="296" y="233" w="150" h="150" zOrder="2">
      <caption>%E5%A4%B4%E5%83%8F</caption>
    </control>
    <control controlID="FD87DD7F-5A91-4981-9550-453A84C5A7CD" controlTypeID="Button" x="300" y="403" w="142" h="37" zOrder="3">
      <font family="Segoe+UI" displayName="Segoe+UI" postScript="" weightStyle="Regular" weight="400" isBold="False" isItalic="False"/>
      <text>%E4%B8%8A%E4%BC%A0%E5%A4%B4%E5%83%8F</text>
      <lineSpacing>0</lineSpacing>
      <selectedIndex>-1</selectedIndex>
      <radius>4</radius>
    </control>
    <control controlID="A50D983D-90AC-4F17-96D8-0DC0052C3811" controlTypeID="Label" x="296" y="463" w="96" h="21" zOrder="4">
      <opacity>0.699999988079071</opacity>
      <font family="Segoe+UI" displayName="Segoe+UI" postScript="" weightStyle="Regular" weight="400" isBold="False" isItalic="False"/>
      <text>%E4%B8%AA%E4%BA%BA%E8%B5%84%E6%96%99%E8%AE%BE%E7%BD%AE</text>
      <textSize>16</textSize>
      <lineSpacing>0</lineSpacing>
      <useDefaultTextSize>False</useDefaultTextSize>
      <selectedIndex>-1</selectedIndex>
    </control>
    <control controlID="C3532B94-D637-4012-850F-4260113A3031" controlTypeID="Line" x="291" y="497" w="689" h="1" zOrder="5">
      <opacity>0.200000002980232</opacity>
      <font family="Segoe+UI" displayName="Segoe+UI" postScript="" weightStyle="Regular" weight="400" isBold="False" isItalic="False"/>
      <textSize>14</textSize>
      <lineSpacing>0</lineSpacing>
      <selectedIndex>-1</selectedIndex>
      <controlPoint>(344,0)</controlPoint>
      <startPoint>(0,0)</startPoint>
      <endPoint>(689,0)</endPoint>
    </control>
    <control controlID="6D6356E9-0F0E-48B1-9890-E051965BAA79" controlTypeID="Label" x="296" y="517" w="56" h="18" zOrder="6">
      <opacity>0.600000023841858</opacity>
      <font family="Segoe+UI" displayName="Segoe+UI" postScript="" weightStyle="Regular" weight="400" isBold="False" isItalic="False"/>
      <text>%E7%94%A8%E6%88%B7%E5%90%8D%EF%BC%9A</text>
      <textAlign>HaCenter</textAlign>
      <lineSpacing>0</lineSpacing>
      <selectedIndex>-1</selectedIndex>
    </control>
    <control controlID="AEAED0E9-F40D-4BBD-8F55-04CF7F9A7D59" controlTypeID="Label" x="386" y="516" w="56" h="19" zOrder="7">
      <font family="Segoe+UI" displayName="Segoe+UI" postScript="" weightStyle="Regular" weight="400" isBold="False" isItalic="False"/>
      <text>adbsdbfs</text>
      <lineSpacing>0</lineSpacing>
      <selectedIndex>-1</selectedIndex>
    </control>
    <control controlID="A21BB62F-9BB4-40DA-9CAC-200762A26D9C" controlTypeID="Image" x="546" y="517" w="18" h="18" zOrder="8">
      <caption>%E4%BF%AE%E6%94%B9logo</caption>
    </control>
    <control controlID="5C179B7A-CE50-4E44-B6FD-4E038DAA6F90" controlTypeID="Label" x="574" y="517" w="28" h="18" zOrder="9">
      <font family="Segoe+UI" displayName="Segoe+UI" postScript="" weightStyle="Regular" weight="400" isBold="False" isItalic="False"/>
      <text>%E4%BF%AE%E6%94%B9</text>
      <lineSpacing>0</lineSpacing>
      <selectedIndex>-1</selectedIndex>
    </control>
    <control controlID="90FAF681-8BB0-4D32-861C-93C695561C6F" controlTypeID="Label" x="296" y="557" w="42" h="18" zOrder="10">
      <opacity>0.600000023841858</opacity>
      <font family="Segoe+UI" displayName="Segoe+UI" postScript="" weightStyle="Regular" weight="400" isBold="False" isItalic="False"/>
      <text>%E9%82%AE%E7%AE%B1%EF%BC%9A</text>
      <lineSpacing>0</lineSpacing>
      <selectedIndex>-1</selectedIndex>
    </control>
    <control controlID="9D126E03-6763-4B8E-95AC-370184674B13" controlTypeID="Label" x="386" y="556" w="42" h="18" zOrder="11">
      <font family="Segoe+UI" displayName="Segoe+UI" postScript="" weightStyle="Regular" weight="400" isBold="False" isItalic="False"/>
      <text>%E6%9C%AA%E8%AE%BE%E7%BD%AE</text>
      <lineSpacing>0</lineSpacing>
      <selectedIndex>-1</selectedIndex>
    </control>
    <control controlID="4AC7D378-0D61-4112-BC1F-F0FBB4F96F46" controlTypeID="Image" x="546" y="557" w="18" h="18" zOrder="12">
      <caption>%E4%BF%AE%E6%94%B9logo</caption>
    </control>
    <control controlID="AADC5B59-17FC-44F4-9B13-6F5C62AF52C8" controlTypeID="Label" x="574" y="557" w="28" h="18" zOrder="13">
      <interactiveData>
        <entry title="">
          <area shape="0" alt="" ID="{B0F3D859-AD8F-498A-82BB-6871E2A8EAF5}" coords="(0,0,28,18)"/>
          <events title="">
            <event eventType="atClick" isChecked="True">
              <behaviour title="" isChecked="True" isWait="False" isLoop="False" execMode="emParallel">
                <target targetID="9D126E03-6763-4B8E-95AC-370184674B13" isChecked="True" isAutoRecovery="False" isLoop="False" execMode="emSequence">
                  <command name="Set Text" isChecked="True" descrition="">
                    <param name="AniInterpolation" value="0" varType="3" description=""/>
                    <param name="AniDuration" value="200" varType="3" description=""/>
                    <param name="AniAutoReverse" value="False" varType="11" description=""/>
                    <param name="AniLoop" value="False" varType="11" description=""/>
                    <param name="AniInterpolationTypeOut" value="False" varType="11" description=""/>
                    <param name="Delay" value="0" varType="3" description=""/>
                    <param name="FromValue" value="" varType="256" description=""/>
                    <param name="ToValue" value="未设置" varType="256" description=""/>
                  </command>
                </target>
              </behaviour>
            </event>
          </events>
        </entry>
      </interactiveData>
      <font family="Segoe+UI" displayName="Segoe+UI" postScript="" weightStyle="Regular" weight="400" isBold="False" isItalic="False"/>
      <text>%E4%BF%AE%E6%94%B9</text>
      <lineSpacing>0</lineSpacing>
      <selectedIndex>-1</selectedIndex>
    </control>
    <control controlID="57F6048F-E335-433D-81B2-1058EDF80127" controlTypeID="Label" x="296" y="598" w="56" h="18" zOrder="14">
      <opacity>0.600000023841858</opacity>
      <font family="Segoe+UI" displayName="Segoe+UI" postScript="" weightStyle="Regular" weight="400" isBold="False" isItalic="False"/>
      <text>%E6%89%8B%E6%9C%BA%E5%8F%B7%EF%BC%9A</text>
      <lineSpacing>0</lineSpacing>
      <selectedIndex>-1</selectedIndex>
    </control>
    <control controlID="594746EC-5E96-4958-97CD-64024A3ED1A3" controlTypeID="Label" x="386" y="597" w="42" h="18" zOrder="15">
      <font family="Segoe+UI" displayName="Segoe+UI" postScript="" weightStyle="Regular" weight="400" isBold="False" isItalic="False"/>
      <text>%E6%9C%AA%E8%AE%BE%E7%BD%AE</text>
      <lineSpacing>0</lineSpacing>
      <selectedIndex>-1</selectedIndex>
    </control>
    <control controlID="E68C45DF-F730-4733-85C3-C8F947D0BFAC" controlTypeID="Image" x="546" y="598" w="18" h="18" zOrder="16">
      <caption>%E4%BF%AE%E6%94%B9logo</caption>
    </control>
    <control controlID="1A32BF1F-79EA-4BD2-9F0A-EEF5F2C1D146" controlTypeID="Label" x="574" y="598" w="28" h="18" zOrder="17">
      <interactiveData>
        <entry title="">
          <area shape="0" alt="" ID="{A2685041-497E-4598-B82B-FB08D35ED340}" coords="(0,0,28,18)"/>
          <events title="">
            <event eventType="atClick" isChecked="True">
              <behaviour title="" isChecked="True" isWait="False" isLoop="False" execMode="emParallel">
                <target targetID="594746EC-5E96-4958-97CD-64024A3ED1A3" isChecked="True" isAutoRecovery="False" isLoop="False" execMode="emSequence">
                  <command name="Set Text" isChecked="True" descrition="">
                    <param name="AniInterpolation" value="0" varType="3" description=""/>
                    <param name="AniDuration" value="200" varType="3" description=""/>
                    <param name="AniAutoReverse" value="False" varType="11" description=""/>
                    <param name="AniLoop" value="False" varType="11" description=""/>
                    <param name="AniInterpolationTypeOut" value="False" varType="11" description=""/>
                    <param name="Delay" value="0" varType="3" description=""/>
                    <param name="FromValue" value="" varType="256" description=""/>
                    <param name="ToValue" value="未设置" varType="256" description=""/>
                  </command>
                </target>
              </behaviour>
            </event>
          </events>
        </entry>
      </interactiveData>
      <font family="Segoe+UI" displayName="Segoe+UI" postScript="" weightStyle="Regular" weight="400" isBold="False" isItalic="False"/>
      <text>%E4%BF%AE%E6%94%B9</text>
      <lineSpacing>0</lineSpacing>
      <selectedIndex>-1</selectedIndex>
    </control>
    <control controlID="D59B7466-9040-4AAD-A6FB-F804FF710D31" controlTypeID="Shape" x="54" y="189" w="155" h="408" zOrder="18">
      <color>4294111986</color>
      <font family="Segoe+UI" displayName="Segoe+UI" postScript="" weightStyle="Regular" weight="400" isBold="False" isItalic="False"/>
      <textSize>14</textSize>
      <selectedIndex>-1</selectedIndex>
    </control>
    <control controlID="10262E6C-E1A6-490A-B91F-D787E1D8BA74" controlTypeID="Label" x="78" y="206" w="72" h="23" zOrder="19">
      <font family="Segoe+UI" displayName="Segoe+UI+Bold" postScript="" weightStyle="Bold" weight="700" isBold="True" isItalic="False"/>
      <text>%E4%B8%AA%E4%BA%BA%E4%B8%AD%E5%BF%83</text>
      <textSize>18</textSize>
      <lineSpacing>0</lineSpacing>
      <textStyles>[fsBold]</textStyles>
      <useDefaultTextSize>False</useDefaultTextSize>
      <selectedIndex>-1</selectedIndex>
    </control>
    <control controlID="D9581A0C-6D58-4DBE-9C24-B2064482DF9D" controlTypeID="Line" x="70" y="245" w="105" h="1" zOrder="20">
      <opacity>0.200000002980232</opacity>
      <font family="Segoe+UI" displayName="Segoe+UI" postScript="" weightStyle="Regular" weight="400" isBold="False" isItalic="False"/>
      <textSize>14</textSize>
      <lineSpacing>0</lineSpacing>
      <selectedIndex>-1</selectedIndex>
      <controlPoint>(52,0)</controlPoint>
      <startPoint>(0,0)</startPoint>
      <endPoint>(105,0)</endPoint>
    </control>
    <control controlID="80F03047-D174-412A-8F5A-C4804ABA0AD7" controlTypeID="Label" x="78" y="264" w="64" h="21" zOrder="21">
      <opacity>0.699999988079071</opacity>
      <links eventType="AtClick" animate="AmNone" animateAutoDelay="0" animateDuration="500">
        <link targetPageID="A1C944E3-E884-459E-BFBF-F1FF4C9C63F1" linkType="ltPageLink" isApplyIncludePage="False" title="%E4%B8%AA%E4%BA%BA%E4%B8%AD%E5%BF%83%E2%80%94%E2%80%94%E6%88%91%E7%9A%84%E5%8F%91%E5%B8%83">
          <area shape="0" alt="" ID="{633DD3CA-3E40-43C4-BAB6-B61A07553DC0}" coords="(0,0,64,21)"/>
        </link>
      </links>
      <font family="Segoe+UI" displayName="Segoe+UI" postScript="" weightStyle="Regular" weight="400" isBold="False" isItalic="False"/>
      <text>%E6%88%91%E7%9A%84%E5%8F%91%E5%B8%83</text>
      <textSize>16</textSize>
      <lineSpacing>0</lineSpacing>
      <useDefaultTextSize>False</useDefaultTextSize>
      <selectedIndex>-1</selectedIndex>
    </control>
    <control controlID="C88F6FB5-5E65-4053-A163-31C0DB392A4A" controlTypeID="Label" x="78" y="311" w="64" h="21" zOrder="22">
      <opacity>0.699999988079071</opacity>
      <links eventType="AtClick" animate="AmNone" animateAutoDelay="0" animateDuration="500">
        <link targetPageID="1A1718FD-AB9C-4470-839F-9A7C6778F166" linkType="ltPageLink" isApplyIncludePage="False" title="%E4%B8%AA%E4%BA%BA%E4%B8%AD%E5%BF%83%E2%80%94%E2%80%94%E6%88%91%E7%9A%84%E6%B1%82%E8%B4%AD">
          <area shape="0" alt="" ID="{36D7BD01-4658-4FAE-892D-CFA9A351AD92}" coords="(0,0,64,21)"/>
        </link>
      </links>
      <font family="Segoe+UI" displayName="Segoe+UI" postScript="" weightStyle="Regular" weight="400" isBold="False" isItalic="False"/>
      <text>%E6%88%91%E7%9A%84%E6%B1%82%E8%B4%AD</text>
      <textSize>16</textSize>
      <lineSpacing>0</lineSpacing>
      <useDefaultTextSize>False</useDefaultTextSize>
      <selectedIndex>-1</selectedIndex>
    </control>
    <control controlID="FEED0A0F-5FA2-4EAF-8C85-F29BD096D314" controlTypeID="Label" x="78" y="358" w="64" h="21" zOrder="23">
      <opacity>0.699999988079071</opacity>
      <links eventType="AtClick" animate="AmNone" animateAutoDelay="0" animateDuration="500">
        <link targetPageID="EF1C3BF4-9892-4D78-A9BF-9ACC0EE7501B" linkType="ltPageLink" isApplyIncludePage="False" title="%E4%B8%AA%E4%BA%BA%E4%B8%AD%E5%BF%83%E2%80%94%E2%80%94%E6%88%91%E7%9A%84%E6%94%B6%E8%97%8F">
          <area shape="0" alt="" ID="{ACD1DE7E-55E8-4C42-B1F6-03F42A32A430}" coords="(0,0,64,21)"/>
        </link>
      </links>
      <font family="Segoe+UI" displayName="Segoe+UI" postScript="" weightStyle="Regular" weight="400" isBold="False" isItalic="False"/>
      <text>%E6%88%91%E7%9A%84%E6%94%B6%E8%97%8F</text>
      <textSize>16</textSize>
      <lineSpacing>0</lineSpacing>
      <useDefaultTextSize>False</useDefaultTextSize>
      <selectedIndex>-1</selectedIndex>
    </control>
    <control controlID="C3FB05D2-91CE-49BF-900E-AC50ECB2151C" controlTypeID="Label" x="78" y="405" w="64" h="21" zOrder="24">
      <opacity>0.699999988079071</opacity>
      <links eventType="AtClick" animate="AmNone" animateAutoDelay="0" animateDuration="500">
        <link targetPageID="61CCA56E-892B-439F-8476-01629D18DD8A" linkType="ltPageLink" isApplyIncludePage="False" title="%E4%B8%AA%E4%BA%BA%E4%B8%AD%E5%BF%83%E2%80%94%E2%80%94%E6%88%91%E7%9A%84%E8%AE%A2%E5%8D%95">
          <area shape="0" alt="" ID="{E6A27BC2-BB89-4B6A-9862-EDC6FADF1848}" coords="(0,0,64,21)"/>
        </link>
      </links>
      <font family="Segoe+UI" displayName="Segoe+UI" postScript="" weightStyle="Regular" weight="400" isBold="False" isItalic="False"/>
      <text>%E6%88%91%E7%9A%84%E8%AE%A2%E5%8D%95</text>
      <textSize>16</textSize>
      <lineSpacing>0</lineSpacing>
      <useDefaultTextSize>False</useDefaultTextSize>
      <selectedIndex>-1</selectedIndex>
    </control>
    <control controlID="1E5ED310-24C2-43A4-A95E-3B081B831D6F" controlTypeID="Line" x="71" y="453" w="105" h="1" zOrder="25">
      <opacity>0.200000002980232</opacity>
      <font family="Segoe+UI" displayName="Segoe+UI" postScript="" weightStyle="Regular" weight="400" isBold="False" isItalic="False"/>
      <textSize>14</textSize>
      <lineSpacing>0</lineSpacing>
      <selectedIndex>-1</selectedIndex>
      <controlPoint>(52,0)</controlPoint>
      <startPoint>(0,0)</startPoint>
      <endPoint>(105,0)</endPoint>
    </control>
    <control controlID="E00A2FF3-4698-4437-8A1A-9FB985C18FB2" controlTypeID="Label" x="78" y="469" w="72" h="23" zOrder="26">
      <font family="Segoe+UI" displayName="Segoe+UI+Bold" postScript="" weightStyle="Bold" weight="700" isBold="True" isItalic="False"/>
      <text>%E8%B4%A6%E6%88%B7%E8%AE%BE%E7%BD%AE</text>
      <textSize>18</textSize>
      <lineSpacing>0</lineSpacing>
      <textStyles>[fsBold]</textStyles>
      <useDefaultTextSize>False</useDefaultTextSize>
      <selectedIndex>-1</selectedIndex>
    </control>
    <control controlID="6E5F4C25-29AE-4889-A8BB-5D525A3229BF" controlTypeID="Line" x="71" y="506" w="105" h="1" zOrder="27">
      <opacity>0.200000002980232</opacity>
      <font family="Segoe+UI" displayName="Segoe+UI" postScript="" weightStyle="Regular" weight="400" isBold="False" isItalic="False"/>
      <textSize>14</textSize>
      <lineSpacing>0</lineSpacing>
      <selectedIndex>-1</selectedIndex>
      <controlPoint>(52,0)</controlPoint>
      <startPoint>(0,0)</startPoint>
      <endPoint>(105,0)</endPoint>
    </control>
    <control controlID="35964AE3-34A9-49A9-8681-B08F4DE5AA07" controlTypeID="Label" x="82" y="522" w="64" h="21" zOrder="28">
      <opacity>0.699999988079071</opacity>
      <links eventType="AtClick" animate="AmNone" animateAutoDelay="0" animateDuration="500">
        <link targetPageID="ECB97A6A-B61C-4C88-9A05-512D2804A00C" linkType="ltPageLink" isApplyIncludePage="False" title="%E4%B8%AA%E4%BA%BA%E4%B8%AD%E5%BF%83%E2%80%94%E2%80%94%E4%B8%AA%E4%BA%BA%E8%B5%84%E6%96%99">
          <area shape="0" alt="" ID="{2D1C6A93-9214-4FBF-895C-A4E75BD2533F}" coords="(0,0,64,21)"/>
        </link>
      </links>
      <font family="Segoe+UI" displayName="Segoe+UI" postScript="" weightStyle="Regular" weight="400" isBold="False" isItalic="False"/>
      <text>%E4%B8%AA%E4%BA%BA%E8%B5%84%E6%96%99</text>
      <textSize>16</textSize>
      <lineSpacing>0</lineSpacing>
      <useDefaultTextSize>False</useDefaultTextSize>
      <selectedIndex>-1</selectedIndex>
    </control>
    <control controlID="9AEBFD69-E13C-4EA1-87E1-EFD426166AAA" controlTypeID="Label" x="82" y="561" w="64" h="21" zOrder="29">
      <opacity>0.699999988079071</opacity>
      <links eventType="AtClick" animate="AmNone" animateAutoDelay="0" animateDuration="500">
        <link targetPageID="037C0DB2-6969-4B05-99F5-B931CE2DA6E8" linkType="ltPageLink" isApplyIncludePage="False" title="%E4%B8%AA%E4%BA%BA%E4%B8%AD%E5%BF%83%E2%80%94%E2%80%94%E5%AF%86%E7%A0%81%E8%AE%BE%E7%BD%AE">
          <area shape="0" alt="" ID="{EC5BBE4B-68B1-40BE-854A-56DC02D69CBD}" coords="(0,0,64,21)"/>
        </link>
      </links>
      <font family="Segoe+UI" displayName="Segoe+UI" postScript="" weightStyle="Regular" weight="400" isBold="False" isItalic="False"/>
      <text>%E5%AF%86%E7%A0%81%E8%AE%BE%E7%BD%AE</text>
      <textSize>16</textSize>
      <lineSpacing>0</lineSpacing>
      <useDefaultTextSize>False</useDefaultTextSize>
      <selectedIndex>-1</selectedIndex>
    </control>
    <control controlID="E97CBFAA-5464-433B-830B-DB24596B11BC" controlTypeID="Shape" x="0" y="20" w="1100" h="90" zOrder="30">
      <color>4287090411</color>
      <font family="Segoe+UI" displayName="Segoe+UI" postScript="" weightStyle="Regular" weight="400" isBold="False" isItalic="False"/>
      <textSize>14</textSize>
      <selectedIndex>-1</selectedIndex>
      <borderMode>[bmBottom]</borderMode>
    </control>
    <control controlID="1A314805-0C4C-4899-B94D-ECED47E425E7" controlTypeID="Image" x="113" y="25" w="197" h="75" zOrder="31">
      <caption>logo</caption>
    </control>
    <control controlID="E4891799-D4CD-4E1F-9C24-3123641A04A6" controlTypeID="Shape" x="0" y="0" w="1100" h="20" zOrder="32">
      <font family="Segoe+UI" displayName="Segoe+UI" postScript="" weightStyle="Regular" weight="400" isBold="False" isItalic="False"/>
      <textSize>14</textSize>
      <selectedIndex>-1</selectedIndex>
      <borderMode>[bmTop,bmBottom]</borderMode>
    </control>
    <control controlID="7AD49233-EA77-4CEA-9BC9-2F33257A1C1A" controlTypeID="Label" x="101" y="1" w="107" h="14" zOrder="33">
      <font family="Segoe+UI" displayName="Segoe+UI" postScript="" weightStyle="Regular" weight="400" isBold="False" isItalic="False"/>
      <text>%E5%96%B5%EF%BC%8C%E6%AC%A2%E8%BF%8E%E6%9D%A5%E5%88%B0%E6%A0%A1%E5%9B%AD%E6%98%93%E8%B4%AD%7E</text>
      <textColor>4286151033</textColor>
      <textSize>10</textSize>
      <lineSpacing>0</lineSpacing>
      <useDefaultTextSize>False</useDefaultTextSize>
      <selectedIndex>-1</selectedIndex>
    </control>
    <control controlID="7800CA5C-7BC0-46AD-A8D5-2F2831E0BD39" controlTypeID="Label" x="663" y="2" w="40" h="13" zOrder="34">
      <states>
        <state propName="TextColor" stateType="state_mouseOver" isChecked="True" value="4278229503" varType="20"/>
      </states>
      <links eventType="AtClick" animate="AmNone" animateAutoDelay="0" animateDuration="500">
        <link targetPageID="A1C944E3-E884-459E-BFBF-F1FF4C9C63F1" linkType="ltPageLink" isApplyIncludePage="False" title="%E4%B8%AA%E4%BA%BA%E4%B8%AD%E5%BF%83%E2%80%94%E2%80%94%E6%88%91%E7%9A%84%E5%8F%91%E5%B8%83">
          <area shape="0" alt="" ID="{C6FF30E2-62F8-4366-800A-8438C4005AAE}" coords="(0,0,40,13)"/>
        </link>
      </links>
      <font family="Segoe+UI" displayName="Segoe+UI" postScript="" weightStyle="Regular" weight="400" isBold="False" isItalic="False"/>
      <text>%E4%B8%AA%E4%BA%BA%E4%B8%AD%E5%BF%83</text>
      <textColor>4286151033</textColor>
      <textSize>10</textSize>
      <lineSpacing>0</lineSpacing>
      <useDefaultTextSize>False</useDefaultTextSize>
      <selectedIndex>-1</selectedIndex>
    </control>
    <control controlID="67FBFC16-3BF5-4D7B-BD56-68C8471A6D9B" controlTypeID="Label" x="733" y="2" w="40" h="13" zOrder="35">
      <states>
        <state propName="TextColor" stateType="state_mouseOver" isChecked="True" value="4278229503" varType="20"/>
      </states>
      <links eventType="AtClick" animate="AmNone" animateAutoDelay="0" animateDuration="500">
        <link targetPageID="1A1718FD-AB9C-4470-839F-9A7C6778F166" linkType="ltPageLink" isApplyIncludePage="False" title="%E4%B8%AA%E4%BA%BA%E4%B8%AD%E5%BF%83%E2%80%94%E2%80%94%E6%88%91%E7%9A%84%E6%B1%82%E8%B4%AD">
          <area shape="0" alt="" ID="{F8861C4B-CF7E-4109-B63A-A43327726B0F}" coords="(0,0,40,13)"/>
        </link>
      </links>
      <font family="Segoe+UI" displayName="Segoe+UI" postScript="" weightStyle="Regular" weight="400" isBold="False" isItalic="False"/>
      <text>%E6%88%91%E7%9A%84%E6%B1%82%E8%B4%AD</text>
      <textColor>4286151033</textColor>
      <textSize>10</textSize>
      <lineSpacing>0</lineSpacing>
      <useDefaultTextSize>False</useDefaultTextSize>
      <selectedIndex>-1</selectedIndex>
    </control>
    <control controlID="F161C6B0-252C-444E-BED7-35690EF35971" controlTypeID="Label" x="802" y="2" w="40" h="13" zOrder="36">
      <states>
        <state propName="TextColor" stateType="state_mouseOver" isChecked="True" value="4278229503" varType="20"/>
      </states>
      <links eventType="AtClick" animate="AmNone" animateAutoDelay="0" animateDuration="500">
        <link targetPageID="EF1C3BF4-9892-4D78-A9BF-9ACC0EE7501B" linkType="ltPageLink" isApplyIncludePage="False" title="%E4%B8%AA%E4%BA%BA%E4%B8%AD%E5%BF%83%E2%80%94%E2%80%94%E6%88%91%E7%9A%84%E6%94%B6%E8%97%8F">
          <area shape="0" alt="" ID="{ADAED4E1-F406-49BF-A360-9D3AA5AAAA2A}" coords="(0,0,40,13)"/>
        </link>
      </links>
      <font family="Segoe+UI" displayName="Segoe+UI" postScript="" weightStyle="Regular" weight="400" isBold="False" isItalic="False"/>
      <text>%E6%88%91%E7%9A%84%E6%94%B6%E8%97%8F</text>
      <textColor>4286151033</textColor>
      <textSize>10</textSize>
      <lineSpacing>0</lineSpacing>
      <useDefaultTextSize>False</useDefaultTextSize>
      <selectedIndex>-1</selectedIndex>
    </control>
    <control controlID="B7C026F9-3639-4120-8CD6-80B30F860010" controlTypeID="Label" x="871" y="2" w="40" h="13" zOrder="37">
      <states>
        <state propName="TextColor" stateType="state_mouseOver" isChecked="True" value="4278229503" varType="20"/>
      </states>
      <links eventType="AtClick" animate="AmNone" animateAutoDelay="0" animateDuration="500">
        <link targetPageID="61CCA56E-892B-439F-8476-01629D18DD8A" linkType="ltPageLink" isApplyIncludePage="False" title="%E4%B8%AA%E4%BA%BA%E4%B8%AD%E5%BF%83%E2%80%94%E2%80%94%E6%88%91%E7%9A%84%E8%AE%A2%E5%8D%95">
          <area shape="0" alt="" ID="{DCCD1DB3-31B4-414B-91FB-E5C5AEA3951F}" coords="(0,0,40,13)"/>
        </link>
      </links>
      <font family="Segoe+UI" displayName="Segoe+UI" postScript="" weightStyle="Regular" weight="400" isBold="False" isItalic="False"/>
      <text>%E6%88%91%E7%9A%84%E8%AE%A2%E5%8D%95</text>
      <textColor>4286151033</textColor>
      <textSize>10</textSize>
      <lineSpacing>0</lineSpacing>
      <useDefaultTextSize>False</useDefaultTextSize>
      <selectedIndex>-1</selectedIndex>
    </control>
    <control controlID="B92AD7C4-AE14-4480-88BF-D250C2E324FF" controlTypeID="Line" x="0" y="110" w="1099" h="1" zOrder="38">
      <font family="Segoe+UI" displayName="Segoe+UI" postScript="" weightStyle="Regular" weight="400" isBold="False" isItalic="False"/>
      <textSize>14</textSize>
      <lineSpacing>0</lineSpacing>
      <selectedIndex>-1</selectedIndex>
      <controlPoint>(550,0)</controlPoint>
      <startPoint>(0,0)</startPoint>
      <endPoint>(1099,0)</endPoint>
    </control>
    <control controlID="9FB545AA-D67A-4042-A79C-BBE4421949CC" controlTypeID="Label" x="940" y="2" w="40" h="13" zOrder="39">
      <states>
        <state propName="TextColor" stateType="state_mouseOver" isChecked="True" value="4278229503" varType="20"/>
      </states>
      <links eventType="AtClick" animate="AmNone" animateAutoDelay="0" animateDuration="500">
        <link targetPageID="EDE0E2B2-27B4-41CE-A002-F1851339F69C" linkType="ltPageLink" isApplyIncludePage="False" title="%E5%8F%91%E5%B8%83%E6%B1%82%E8%B4%AD">
          <area shape="0" alt="" ID="{DCCD1DB3-31B4-414B-91FB-E5C5AEA3951F}" coords="(0,0,40,13)"/>
        </link>
      </links>
      <font family="Segoe+UI" displayName="Segoe+UI" postScript="" weightStyle="Regular" weight="400" isBold="False" isItalic="False"/>
      <text>%E6%B1%82%E8%B4%AD%E5%95%86%E5%93%81</text>
      <textColor>4286151033</textColor>
      <textSize>10</textSize>
      <lineSpacing>0</lineSpacing>
      <useDefaultTextSize>False</useDefaultTextSize>
      <selectedIndex>-1</selectedIndex>
    </control>
    <control controlID="3DA51550-239F-4314-8543-E2387AE6FC7D" controlTypeID="Label" x="1009" y="2" w="40" h="13" zOrder="40">
      <states>
        <state propName="TextColor" stateType="state_mouseOver" isChecked="True" value="4278229503" varType="20"/>
      </states>
      <links eventType="AtClick" animate="AmNone" animateAutoDelay="0" animateDuration="500">
        <link targetPageID="67261209-D3CC-40CA-9C85-5E38FCAE98E2" linkType="ltPageLink" isApplyIncludePage="False" title="%E5%8D%96%E5%AE%B6%E5%A1%AB%E5%85%A5%E5%95%86%E5%93%81%E4%BF%A1%E6%81%AF%E7%95%8C%E9%9D%A2">
          <area shape="0" alt="" ID="{DCCD1DB3-31B4-414B-91FB-E5C5AEA3951F}" coords="(0,0,40,13)"/>
        </link>
      </links>
      <font family="Segoe+UI" displayName="Segoe+UI" postScript="" weightStyle="Regular" weight="400" isBold="False" isItalic="False"/>
      <text>%E5%8F%91%E5%B8%83%E5%95%86%E5%93%81</text>
      <textColor>4286151033</textColor>
      <textSize>10</textSize>
      <lineSpacing>0</lineSpacing>
      <useDefaultTextSize>False</useDefaultTextSize>
      <selectedIndex>-1</selectedIndex>
    </control>
    <control controlID="7726BCD6-6F40-471A-98D3-D4A4FE55B8BF" controlTypeID="Label" x="218" y="2" w="20" h="13" zOrder="41">
      <states>
        <state propName="TextColor" stateType="state_mouseOver" isChecked="True" value="4278229503" varType="20"/>
      </states>
      <links eventType="AtClick" animate="AmNone" animateAutoDelay="0" animateDuration="500">
        <link targetPageID="DE7059E3-6D69-4892-990B-4EE4BC9705D2" linkType="ltPageLink" isApplyIncludePage="False" title="%E9%A6%96%E9%A1%B5">
          <area shape="0" alt="" ID="{C6FF30E2-62F8-4366-800A-8438C4005AAE}" coords="(0,0,20,13)"/>
        </link>
      </links>
      <font family="Segoe+UI" displayName="Segoe+UI" postScript="" weightStyle="Regular" weight="400" isBold="False" isItalic="False"/>
      <text>%E9%A6%96%E9%A1%B5</text>
      <textColor>4286151033</textColor>
      <textSize>10</textSize>
      <lineSpacing>0</lineSpacing>
      <useDefaultTextSize>False</useDefaultTextSize>
      <selectedIndex>-1</selectedIndex>
    </control>
    <control controlID="8A1F5FCC-BD7D-43A2-A378-4061CABDE483" controlTypeID="Line" x="0" y="805" w="1099" h="1" zOrder="42">
      <font family="Segoe+UI" displayName="Segoe+UI" postScript="" weightStyle="Regular" weight="400" isBold="False" isItalic="False"/>
      <textSize>14</textSize>
      <lineSpacing>0</lineSpacing>
      <selectedIndex>-1</selectedIndex>
      <controlPoint>(550,0)</controlPoint>
      <startPoint>(0,0)</startPoint>
      <endPoint>(1099,0)</endPoint>
    </control>
    <control controlID="E684AF5F-314D-4BEA-A7BA-1EC62847ECFE" controlTypeID="Image" x="419" y="811" w="202" h="49" zOrder="43">
      <caption>logo</caption>
    </control>
  </controls>
  <param>
    <backgroundColor>4294967295</backgroundColor>
    <fontSize>14</fontSize>
    <fontFamily>Segoe+UI</fontFamily>
    <guideLines/>
  </param>
</mockup>